"consuntivo";"2";"quadro-2-bis-dettaglio-ici";"altri fabbricati";"";"";"";""
"consuntivo";"2";"quadro-2-bis-dettaglio-ici";"aree fabbricabili";"";"";"";""
"consuntivo";"2";"quadro-2-bis-dettaglio-ici";"di cui : abitazione principale";"";"";"";""
"consuntivo";"2";"quadro-2-bis-dettaglio-ici";"numero abitazioni principali";"";"";"";""
"consuntivo";"2";"quadro-2-bis-dettaglio-ici";"terreni agricoli";"";"";"";""
"consuntivo";"2";"quadro-2-entrate";"( n.c.) il campo deve contenere un valore e pertanto risulta non compilato dall'ente";"";"";"";""
"consuntivo";"2";"quadro-2-entrate";"(1) gli importi vanno riportati con due zero dopo la virgola.";"";"";"";""
"consuntivo";"2";"quadro-2-entrate";"l'arrotondamento  � effettuato per difetto qualora la prima cifra decimale sia inferiore a cinque.";"";"";"";""
"consuntivo";"2";"quadro-2-entrate";"l'arrotondamento dell'ultima unit� � effettuato per eccesso qualora la prima cifra decimale sia superiore o uguale a cinque;";"";"";"";""
"consuntivo";"2";"quadro-2-entrate-titolo-i-entrate-tributarie";"(5) per i comuni che  ai sensi dell'ordinanza della corte costituzionale n. 300/09 e della sentenza della corte costituzionale n.238/09 hanno  collocato  tale entrata al titolo i nel corso dell'anno 2010, senza poi riuscire a ricollocarla al titolo iii dell'entrata secondo l'orientamento della  circolare n. 3/df  dell'11 novembre 2010 del dipartimento delle finanze conseguente alle disposizioni recate dall'articolo 14, comma 33 del d.l. 31 maggio 2010 n. 78.  pertanto, l'allocazione si riporta anche al titolo iii dell'entrata al codice 2255.";"";"";"";""
"consuntivo";"2";"quadro-2-entrate-titolo-i-entrate-tributarie";"(5) per i comuni che, eventualmente, ai sensi dell'ordinanza della corte costituzionale n.300/09 e della sentenza della corte costituzionale n. 238/09 hanno gi� collocato l'entrata al titolo i.";"";"";"";""
"consuntivo";"2";"quadro-2-entrate-titolo-i-entrate-tributarie";"(5) per i comuni delle regioni a statuto ordinario secondo quanto previsto dal d. lgs. 23/2011 recante disposizioni in materia di federalismo fiscale municipale.";"";"";"";""
"consuntivo";"2";"quadro-2-entrate-titolo-i-entrate-tributarie";"addizionale comunale sul consumo di energia elettrica";"Imposte (altro)";"IMPOSTE";"IMPOSTE E TASSE";"ENTRATE"
"consuntivo";"2";"quadro-2-entrate-titolo-i-entrate-tributarie";"addizionale erariale sulla tassa smaltimento rifiuti";"Rifiuti";"TASSE";"IMPOSTE E TASSE";"ENTRATE"
"consuntivo";"2";"quadro-2-entrate-titolo-i-entrate-tributarie";"addizionale irpef";"Addizionale IRPEF";"IMPOSTE";"IMPOSTE E TASSE";"ENTRATE"
"consuntivo";"2";"quadro-2-entrate-titolo-i-entrate-tributarie";"altre imposte";"Imposte (altro)";"IMPOSTE";"IMPOSTE E TASSE";"ENTRATE"
"consuntivo";"2";"quadro-2-entrate-titolo-i-entrate-tributarie";"altre tasse";"Altre Tasse";"TASSE";"IMPOSTE E TASSE";"ENTRATE"
"consuntivo";"2";"quadro-2-entrate-titolo-i-entrate-tributarie";"altri fabbricati";"Casa e fabbricati";"IMPOSTE";"IMPOSTE E TASSE";"ENTRATE"
"consuntivo";"2";"quadro-2-entrate-titolo-i-entrate-tributarie";"aree fabbricabili";"Casa e fabbricati";"IMPOSTE";"IMPOSTE E TASSE";"ENTRATE"
"consuntivo";"2";"quadro-2-entrate-titolo-i-entrate-tributarie";"categoria 1 - imposte";"";"IMPOSTE";"IMPOSTE E TASSE";"ENTRATE"
"consuntivo";"2";"quadro-2-entrate-titolo-i-entrate-tributarie";"categoria 2 - tasse";"";"TASSE";"IMPOSTE E TASSE";"ENTRATE"
"consuntivo";"2";"quadro-2-entrate-titolo-i-entrate-tributarie";"categoria 3 - tributi speciali ed altre entrate tributarie proprie";"";"Tributi speciali";"IMPOSTE E TASSE";"ENTRATE"
"consuntivo";"2";"quadro-2-entrate-titolo-i-entrate-tributarie";"compartecipazione i.v.a.";"Imposte (altro)";"IMPOSTE";"IMPOSTE E TASSE";"ENTRATE"
"consuntivo";"2";"quadro-2-entrate-titolo-i-entrate-tributarie";"compartecipazione irpef";"Imposte (altro)";"IMPOSTE";"IMPOSTE E TASSE";"ENTRATE"
"consuntivo";"2";"quadro-2-entrate-titolo-i-entrate-tributarie";"di cui : abitazione principale";"Casa e fabbricati";"IMPOSTE";"IMPOSTE E TASSE";"ENTRATE"
"consuntivo";"2";"quadro-2-entrate-titolo-i-entrate-tributarie";"diritti sulle pubbliche affissioni";"Altre Tasse";"TASSE";"IMPOSTE E TASSE";"ENTRATE"
"consuntivo";"2";"quadro-2-entrate-titolo-i-entrate-tributarie";"entrate da fondo sperimentale di riequilibrio";"Altre Tasse";"TASSE";"IMPOSTE E TASSE";"ENTRATE"
"consuntivo";"2";"quadro-2-entrate-titolo-i-entrate-tributarie";"i.c.i.";"Casa e fabbricati";"IMPOSTE";"IMPOSTE E TASSE";"ENTRATE"
"consuntivo";"2";"quadro-2-entrate-titolo-i-entrate-tributarie";"i.c.i. su abitazione principale per fattispecie non esenti";"Casa e fabbricati";"IMPOSTE";"IMPOSTE E TASSE";"ENTRATE"
"consuntivo";"2";"quadro-2-entrate-titolo-i-entrate-tributarie";"i.c.i. su fattispecie diversa da abitazione principale";"Casa e fabbricati";"IMPOSTE";"IMPOSTE E TASSE";"ENTRATE"
"consuntivo";"2";"quadro-2-entrate-titolo-i-entrate-tributarie";"i.c.i.a.p.";"Imposte (altro)";"IMPOSTE";"IMPOSTE E TASSE";"ENTRATE"
"consuntivo";"2";"quadro-2-entrate-titolo-i-entrate-tributarie";"imposta comunale sulla pubblicità (al netto delle insegne)";"Imposte (altro)";"IMPOSTE";"IMPOSTE E TASSE";"ENTRATE"
"consuntivo";"2";"quadro-2-entrate-titolo-i-entrate-tributarie";"imposta di scopo";"Imposte (altro)";"IMPOSTE";"IMPOSTE E TASSE";"ENTRATE"
"consuntivo";"2";"quadro-2-entrate-titolo-i-entrate-tributarie";"imposta di soggiorno comuni località turistiche";"Imposte (altro)";"IMPOSTE";"IMPOSTE E TASSE";"ENTRATE"
"consuntivo";"2";"quadro-2-entrate-titolo-i-entrate-tributarie";"imposta sulle insegne";"Imposte (altro)";"IMPOSTE";"IMPOSTE E TASSE";"ENTRATE"
"consuntivo";"2";"quadro-2-entrate-titolo-i-entrate-tributarie";"tariffa igiene ambientale";"Rifiuti";"TASSE";"IMPOSTE E TASSE";"ENTRATE"
"consuntivo";"2";"quadro-2-entrate-titolo-i-entrate-tributarie";"tassa di concessione su atti e provvedimenti comunali";"Altre Tasse";"TASSE";"IMPOSTE E TASSE";"ENTRATE"
"consuntivo";"2";"quadro-2-entrate-titolo-i-entrate-tributarie";"tassa per  la raccolta e lo smaltimento dei rifiuti solidi urbani";"Rifiuti";"TASSE";"IMPOSTE E TASSE";"ENTRATE"
"consuntivo";"2";"quadro-2-entrate-titolo-i-entrate-tributarie";"tassa per l'occupazione degli spazi ed aree pubbliche";"occupazione suolo pubblico";"TASSE";"IMPOSTE E TASSE";"ENTRATE"
"consuntivo";"2";"quadro-2-entrate-titolo-i-entrate-tributarie";"terreni agricoli";"Imposte (altro)";"IMPOSTE";"IMPOSTE E TASSE";"ENTRATE"
"consuntivo";"2";"quadro-2-entrate-titolo-i-entrate-tributarie";"totale  entrate  tributarie";"";"TOTALE IMPOSTE E TASSE";"IMPOSTE E TASSE";"ENTRATE"
"consuntivo";"2";"quadro-2-entrate-titolo-ii-entrate-derivanti-da-contributi-e-trasferimenti-correnti";" effettuata alla categoria 5 alla voce ""da altri enti"". tale collocazione contabile del contributo viene indicata per non introdurre un principio diverso da";"";"";"";""
"consuntivo";"2";"quadro-2-entrate-titolo-ii-entrate-derivanti-da-contributi-e-trasferimenti-correnti";" quello seguito ai fini siope (provenienza dell'erogazione), ma il trasferimento rimane statale nella sua natura e nell'effettiva provenienza";"";"";"";""
"consuntivo";"2";"quadro-2-entrate-titolo-ii-entrate-derivanti-da-contributi-e-trasferimenti-correnti";" tale previsione riguarda anche i comuni  che ricadono nei territori di trento e bolzano per i quali la collocazione contabile del trasferimento va";"";"";"";""
"consuntivo";"2";"quadro-2-entrate-titolo-ii-entrate-derivanti-da-contributi-e-trasferimenti-correnti";"(2) ai sensi di tali disposizioni, alle regioni friuli venezia giulia e valle d'aosta, i finanziamenti vengono attribuiti";"";"";"";""
"consuntivo";"2";"quadro-2-entrate-titolo-ii-entrate-derivanti-da-contributi-e-trasferimenti-correnti";"(2) ai sensi di tali disposizioni, alle regioni friuli venezia giulia e valle d'aosta, i finanziamenti vengono attribuiti ai comuni tramite i citati enti.";"";"";"";""
"consuntivo";"2";"quadro-2-entrate-titolo-ii-entrate-derivanti-da-contributi-e-trasferimenti-correnti";"(3) voce prevista per le unioni dei comuni.";"";"";"";""
"consuntivo";"2";"quadro-2-entrate-titolo-ii-entrate-derivanti-da-contributi-e-trasferimenti-correnti";"(4) deve trattarsi di contributi attribuiti per finanziare espressamente le spese di personale";"";"";"";""
"consuntivo";"2";"quadro-2-entrate-titolo-ii-entrate-derivanti-da-contributi-e-trasferimenti-correnti";"(6) solo per i comuni della sicilia e della sardegna in quanto per i comuni delle province autonome di trento e bolzano � prevista la voce 2130  e 2125  mentre per le altre regioni a statuto speciale � prevista la voce 2112 e  2 110.";"";"";"";""
"consuntivo";"2";"quadro-2-entrate-titolo-ii-entrate-derivanti-da-contributi-e-trasferimenti-correnti";"ai comuni tramite i citati enti.tale previsione riguarda anche i comuni  che ricadono nei territori di trento e bolzano";"";"";"";""
"consuntivo";"2";"quadro-2-entrate-titolo-ii-entrate-derivanti-da-contributi-e-trasferimenti-correnti";"ai fini siope (provenienza dell'erogazione), ma il trasferimento rimane statale nella sua natura e nell'effettiva provenienza.";"";"";"";""
"consuntivo";"2";"quadro-2-entrate-titolo-ii-entrate-derivanti-da-contributi-e-trasferimenti-correnti";"altri contributi";"";"CONTRIBUTI DA ALTRI ENTI PUBBLICI";"CONTRIBUTI  PUBBLICI";"ENTRATE"
"consuntivo";"2";"quadro-2-entrate-titolo-ii-entrate-derivanti-da-contributi-e-trasferimenti-correnti";"categoria 1 - contributi e trasferimenti correnti dallo stato";"";"Contributi dallo Stato";"CONTRIBUTI  PUBBLICI";"ENTRATE"
"consuntivo";"2";"quadro-2-entrate-titolo-ii-entrate-derivanti-da-contributi-e-trasferimenti-correnti";"categoria 2 - contributi e trasferimenti correnti dalla regione";"";"Contributi dalla Regione";"CONTRIBUTI  PUBBLICI";"ENTRATE"
"consuntivo";"2";"quadro-2-entrate-titolo-ii-entrate-derivanti-da-contributi-e-trasferimenti-correnti";"categoria 3 - contributi e trasferimenti correnti dalla regione per funzioni delegate";"";"Contributi dalla Regione";"CONTRIBUTI  PUBBLICI";"ENTRATE"
"consuntivo";"2";"quadro-2-entrate-titolo-ii-entrate-derivanti-da-contributi-e-trasferimenti-correnti";"categoria 4 - contributi e trasferimenti da parte di organismi comunitari e internazionali";"";"Contributi da altri enti pubblici";"CONTRIBUTI  PUBBLICI";"ENTRATE"
"consuntivo";"2";"quadro-2-entrate-titolo-ii-entrate-derivanti-da-contributi-e-trasferimenti-correnti";"categoria 5 - contributi e trasferimenti correnti da altri enti del settore pubblico";"";"Contributi da altri enti pubblici";"CONTRIBUTI  PUBBLICI";"ENTRATE"
"consuntivo";"2";"quadro-2-entrate-titolo-ii-entrate-derivanti-da-contributi-e-trasferimenti-correnti";"contributi regionali sulle rate di ammortamento dei mutui";"";"Contributi dalla Regione";"CONTRIBUTI  PUBBLICI";"ENTRATE"
"consuntivo";"2";"quadro-2-entrate-titolo-ii-entrate-derivanti-da-contributi-e-trasferimenti-correnti";"contributo per gli interventi dei comuni (ex fondo sviluppo investimenti)";"";"Contributi dallo Stato";"CONTRIBUTI  PUBBLICI";"ENTRATE"
"consuntivo";"2";"quadro-2-entrate-titolo-ii-entrate-derivanti-da-contributi-e-trasferimenti-correnti";"da altri enti";"";"Contributi da altri enti pubblici";"CONTRIBUTI  PUBBLICI";"ENTRATE"
"consuntivo";"2";"quadro-2-entrate-titolo-ii-entrate-derivanti-da-contributi-e-trasferimenti-correnti";"da comuni associati in unioni dei comuni";"";"Contributi da altri enti pubblici";"CONTRIBUTI  PUBBLICI";"ENTRATE"
"consuntivo";"2";"quadro-2-entrate-titolo-ii-entrate-derivanti-da-contributi-e-trasferimenti-correnti";"dalle province per altri contributi";"";"Contributi da altri enti pubblici";"CONTRIBUTI  PUBBLICI";"ENTRATE"
"consuntivo";"2";"quadro-2-entrate-titolo-ii-entrate-derivanti-da-contributi-e-trasferimenti-correnti";"di cui : - dalle province per rimborso statale ici ex art.1 comma 4 ultimo periodo d. l. 93/08";"";"Contributi da altri enti pubblici";"CONTRIBUTI  PUBBLICI";"ENTRATE"
"consuntivo";"2";"quadro-2-entrate-titolo-ii-entrate-derivanti-da-contributi-e-trasferimenti-correnti";"di cui : - entrate da contribuzione regionale a specifica destinazione per finanziare spese di personale";"";"Contributi dalla Regione";"CONTRIBUTI  PUBBLICI";"ENTRATE"
"consuntivo";"2";"quadro-2-entrate-titolo-ii-entrate-derivanti-da-contributi-e-trasferimenti-correnti";"di cui : dalle province";"";"Contributi da altri enti pubblici";"CONTRIBUTI  PUBBLICI";"ENTRATE"
"consuntivo";"2";"quadro-2-entrate-titolo-ii-entrate-derivanti-da-contributi-e-trasferimenti-correnti";"fondo consolidato";"";"Contributi dallo Stato";"CONTRIBUTI  PUBBLICI";"ENTRATE"
"consuntivo";"2";"quadro-2-entrate-titolo-ii-entrate-derivanti-da-contributi-e-trasferimenti-correnti";"fondo ordinario";"";"Contributi dallo Stato";"CONTRIBUTI  PUBBLICI";"ENTRATE"
"consuntivo";"2";"quadro-2-entrate-titolo-ii-entrate-derivanti-da-contributi-e-trasferimenti-correnti";"fondo per funzioni trasferite";"";"Contributi dallo Stato";"CONTRIBUTI  PUBBLICI";"ENTRATE"
"consuntivo";"2";"quadro-2-entrate-titolo-ii-entrate-derivanti-da-contributi-e-trasferimenti-correnti";"fondo per sviluppo investimenti";"";"Contributi dallo Stato";"CONTRIBUTI  PUBBLICI";"ENTRATE"
"consuntivo";"2";"quadro-2-entrate-titolo-ii-entrate-derivanti-da-contributi-e-trasferimenti-correnti";"fondo perequativo fiscalità locale";"";"Contributi dallo Stato";"CONTRIBUTI  PUBBLICI";"ENTRATE"
"consuntivo";"2";"quadro-2-entrate-titolo-ii-entrate-derivanti-da-contributi-e-trasferimenti-correnti";"per i quali la collocazione contabile del trasferimento va effettuata alla categoria 5 alla voce ""da altri enti"".";"";"";"";""
"consuntivo";"2";"quadro-2-entrate-titolo-ii-entrate-derivanti-da-contributi-e-trasferimenti-correnti";"per rimborso finanziamento statale ici ex art.1 comma 4 ultimo periodo d.l. 93/08";"";"";"";""
"consuntivo";"2";"quadro-2-entrate-titolo-ii-entrate-derivanti-da-contributi-e-trasferimenti-correnti";"tale collocazione contabile del contributo viene indicata per non introdurre un principio diverso da quello seguito";"";"";"";""
"consuntivo";"2";"quadro-2-entrate-titolo-ii-entrate-derivanti-da-contributi-e-trasferimenti-correnti";"totale entrate derivanti da contributi e trasferimenti correnti";"";"TOTALE CONTRIBUTI  PUBBLICI";"CONTRIBUTI  PUBBLICI";"ENTRATE"
"consuntivo";"2";"quadro-2-entrate-titolo-ii-entrate-derivanti-da-contributi-e-trasferimenti-correnti";"trasferimenti compensativi per ici sull'abitazione principale";"";"Contributi dallo Stato";"CONTRIBUTI  PUBBLICI";"ENTRATE"
"consuntivo";"2";"quadro-2-entrate-titolo-iii-entrate-extratributarie";"(*)  la circolare n. 3/df  dell'11 novembre 2010 del dipartimento delle finanze ha fornito orientamenti in materia, alla  luce delle disposizioni recate dall'articolo 14, comma 33 del d.l. 31 maggio 2010 n. 78 e, pertanto, l'allocazione si riporta a tale codice";"";"";"";""
"consuntivo";"2";"quadro-2-entrate-titolo-iii-entrate-extratributarie";"(2) comprende la tipologia di spesa che corrisponde all'ambito di cui al cod. 3512 del siope.";"";"";"";""
"consuntivo";"2";"quadro-2-entrate-titolo-iii-entrate-extratributarie";"(3) comprende la tipologia di spesa che corrisponde all'ambito di cui al cod. 3516 del siope.";"";"";"";""
"consuntivo";"2";"quadro-2-entrate-titolo-iii-entrate-extratributarie";"(4) alla luce dell'orientamento di cui alla circolare n. 3/df  dell'11 novembre 2010 del  ministero dell'economia e finanze - dipartimento delle finanze.";"";"";"";""
"consuntivo";"2";"quadro-2-entrate-titolo-iii-entrate-extratributarie";"(5) tale entrata viene collocata al titolo iii in corrispondenza a quanto previsto nel certificato al bilancio di previsione 2011; va rammentato tuttavia che la sentenza n. 141/09 e l'ordinanza n. 18/10 della corte costituzionale hanno stabilito la natura tributaria di tale canone.";"";"";"";""
"consuntivo";"2";"quadro-2-entrate-titolo-iii-entrate-extratributarie";"altri proventi";"Altri proventi";"Proventi di beni dell'ente";"Entrate extratibutarie";"ENTRATE"
"consuntivo";"2";"quadro-2-entrate-titolo-iii-entrate-extratributarie";"altri proventi diversi dalla fattispecie precedente";"";"Altre entrate extratributarie";"Entrate extratibutarie";"ENTRATE"
"consuntivo";"2";"quadro-2-entrate-titolo-iii-entrate-extratributarie";"anagrafe, stato civile, elettorale, leva e servizio statistico";"Amministrazione";"Servizi pubblici";"Entrate extratibutarie";"ENTRATE"
"consuntivo";"2";"quadro-2-entrate-titolo-iii-entrate-extratributarie";"asili nido, servizi per l'infanzia e per i minori";"Sociale";"Servizi pubblici";"Entrate extratibutarie";"ENTRATE"
"consuntivo";"2";"quadro-2-entrate-titolo-iii-entrate-extratributarie";"assistenza scolastica, trasporto, refezione, altri servizi";"Istruzione ";"Servizi pubblici";"Entrate extratibutarie";"ENTRATE"
"consuntivo";"2";"quadro-2-entrate-titolo-iii-entrate-extratributarie";"assistenza, beneficenza pubblica e servizi diversi alla persona";"Sociale";"Servizi pubblici";"Entrate extratibutarie";"ENTRATE"
"consuntivo";"2";"quadro-2-entrate-titolo-iii-entrate-extratributarie";"biblioteche, musei e pinacoteche";"Cultura";"Servizi pubblici";"Entrate extratibutarie";"ENTRATE"
"consuntivo";"2";"quadro-2-entrate-titolo-iii-entrate-extratributarie";"c.o.s.a.p";"Occupazione suolo pubblico";"Proventi di beni dell'ente";"Entrate extratibutarie";"ENTRATE"
"consuntivo";"2";"quadro-2-entrate-titolo-iii-entrate-extratributarie";"canone per concessioni cimiteriali";"Altri proventi";"Proventi di beni dell'ente";"Entrate extratibutarie";"ENTRATE"
"consuntivo";"2";"quadro-2-entrate-titolo-iii-entrate-extratributarie";"canone per l'installazione dei mezzi pubblicitari (cimp) (5)";"Altri servizi";"Servizi pubblici";"Entrate extratibutarie";"ENTRATE"
"consuntivo";"2";"quadro-2-entrate-titolo-iii-entrate-extratributarie";"canone pubblicità";"";"Altre entrate extratributarie";"Entrate extratibutarie";"ENTRATE"
"consuntivo";"2";"quadro-2-entrate-titolo-iii-entrate-extratributarie";"categoria 1 - proventi dei servizi pubblici";"";"Servizi pubblici";"Entrate extratibutarie";"ENTRATE"
"consuntivo";"2";"quadro-2-entrate-titolo-iii-entrate-extratributarie";"categoria 2 - proventi di bene dell'ente";"Altri proventi";"Proventi di beni dell'ente";"Entrate extratibutarie";"ENTRATE"
"consuntivo";"2";"quadro-2-entrate-titolo-iii-entrate-extratributarie";"categoria 3 - interessi su anticipazioni o crediti";"";"Interessi su anticipazioni o crediti";"Entrate extratibutarie";"ENTRATE"
"consuntivo";"2";"quadro-2-entrate-titolo-iii-entrate-extratributarie";"categoria 4 - utili netti delle aziende speciali e partecipate, dividendi di societa'";"";"Utili delle aziende partecipate";"Entrate extratibutarie";"ENTRATE"
"consuntivo";"2";"quadro-2-entrate-titolo-iii-entrate-extratributarie";"categoria 5 - proventi diversi";"";"Altre entrate extratributarie";"Entrate extratibutarie";"ENTRATE"
"consuntivo";"2";"quadro-2-entrate-titolo-iii-entrate-extratributarie";"edilizia residenziale pubblica locale e piani di edilizia econ. popol.";"Territorio e ambiente";"Servizi pubblici";"Entrate extratibutarie";"ENTRATE"
"consuntivo";"2";"quadro-2-entrate-titolo-iii-entrate-extratributarie";"entrate da sanzioni amministrative, ammende e oblazioni";"Altri servizi";"Servizi pubblici";"Entrate extratibutarie";"ENTRATE"
"consuntivo";"2";"quadro-2-entrate-titolo-iii-entrate-extratributarie";"istruzione elementare";"Istruzione ";"Servizi pubblici";"Entrate extratibutarie";"ENTRATE"
"consuntivo";"2";"quadro-2-entrate-titolo-iii-entrate-extratributarie";"istruzione media";"Istruzione ";"Servizi pubblici";"Entrate extratibutarie";"ENTRATE"
"consuntivo";"2";"quadro-2-entrate-titolo-iii-entrate-extratributarie";"manifestazioni diverse nel settore sportivo e ricreativo";"Sociale";"Servizi pubblici";"Entrate extratibutarie";"ENTRATE"
"consuntivo";"2";"quadro-2-entrate-titolo-iii-entrate-extratributarie";"manifestazioni turistiche";"Turismo";"Servizi pubblici";"Entrate extratibutarie";"ENTRATE"
"consuntivo";"2";"quadro-2-entrate-titolo-iii-entrate-extratributarie";"piscine comunali";"Sport";"Servizi pubblici";"Entrate extratibutarie";"ENTRATE"
"consuntivo";"2";"quadro-2-entrate-titolo-iii-entrate-extratributarie";"polizia  municipale - risorse generali";"Polizia locale";"Servizi pubblici";"Entrate extratibutarie";"ENTRATE"
"consuntivo";"2";"quadro-2-entrate-titolo-iii-entrate-extratributarie";"polizia municipale - risorse finalizzate codice della strada";"Polizia locale";"Servizi pubblici";"Entrate extratibutarie";"ENTRATE"
"consuntivo";"2";"quadro-2-entrate-titolo-iii-entrate-extratributarie";"proventi diversi dal settore pubblico";"";"Altre entrate extratributarie";"Entrate extratibutarie";"ENTRATE"
"consuntivo";"2";"quadro-2-entrate-titolo-iii-entrate-extratributarie";"proventi servizi di prevenzione e riabilitazione";"Sociale";"Servizi pubblici";"Entrate extratibutarie";"ENTRATE"
"consuntivo";"2";"quadro-2-entrate-titolo-iii-entrate-extratributarie";"recuperi vari";"";"Altre entrate extratributarie";"Entrate extratibutarie";"ENTRATE"
"consuntivo";"2";"quadro-2-entrate-titolo-iii-entrate-extratributarie";"rimborso spese per personale comandato o in convenzione";"";"Altre entrate extratributarie";"Entrate extratibutarie";"ENTRATE"
"consuntivo";"2";"quadro-2-entrate-titolo-iii-entrate-extratributarie";"scuola materna";"Istruzione ";"Servizi pubblici";"Entrate extratibutarie";"ENTRATE"
"consuntivo";"2";"quadro-2-entrate-titolo-iii-entrate-extratributarie";"segreteria generale, personale e organizzazione";"Amministrazione";"Servizi pubblici";"Entrate extratibutarie";"ENTRATE"
"consuntivo";"2";"quadro-2-entrate-titolo-iii-entrate-extratributarie";"servizi turistici";"Turismo";"Servizi pubblici";"Entrate extratibutarie";"ENTRATE"
"consuntivo";"2";"quadro-2-entrate-titolo-iii-entrate-extratributarie";"servizio gestione rifiuti";"Territorio e ambiente";"Servizi pubblici";"Entrate extratibutarie";"ENTRATE"
"consuntivo";"2";"quadro-2-entrate-titolo-iii-entrate-extratributarie";"servizio idrico integrato";"Territorio e ambiente";"Servizi pubblici";"Entrate extratibutarie";"ENTRATE"
"consuntivo";"2";"quadro-2-entrate-titolo-iii-entrate-extratributarie";"servizio necroscopico e cimiteriale";"Altri servizi";"Servizi pubblici";"Entrate extratibutarie";"ENTRATE"
"consuntivo";"2";"quadro-2-entrate-titolo-iii-entrate-extratributarie";"servizio smaltimento rifiuti";"Territorio e ambiente";"Servizi pubblici";"Entrate extratibutarie";"ENTRATE"
"consuntivo";"2";"quadro-2-entrate-titolo-iii-entrate-extratributarie";"stadio comunale, palazzo dello sport e altri impianti";"Sport";"Servizi pubblici";"Entrate extratibutarie";"ENTRATE"
"consuntivo";"2";"quadro-2-entrate-titolo-iii-entrate-extratributarie";"strutture residenziali e di ricovero per anziani";"Sociale";"Servizi pubblici";"Entrate extratibutarie";"ENTRATE"
"consuntivo";"2";"quadro-2-entrate-titolo-iii-entrate-extratributarie";"tariffa di igiene ambientale";"Territorio e ambiente";"Servizi pubblici";"Entrate extratibutarie";"ENTRATE"
"consuntivo";"2";"quadro-2-entrate-titolo-iii-entrate-extratributarie";"teatri, attività culturali e servizi diversi nel settore culturale";"Cultura";"Servizi pubblici";"Entrate extratibutarie";"ENTRATE"
"consuntivo";"2";"quadro-2-entrate-titolo-iii-entrate-extratributarie";"totale entrate extratributarie";"";"Totale Entrate Extratributarie";"Entrate extratibutarie";"ENTRATE"
"consuntivo";"2";"quadro-2-entrate-titolo-iii-entrate-extratributarie";"trasporti pubblici locali e servizi connessi";"Viabilità e trasporti";"Servizi pubblici";"Entrate extratibutarie";"ENTRATE"
"consuntivo";"2";"quadro-2-entrate-titolo-iii-entrate-extratributarie";"uffici giudizari";"Giustizia";"Servizi pubblici";"Entrate extratibutarie";"ENTRATE"
"consuntivo";"2";"quadro-2-entrate-titolo-iii-entrate-extratributarie";"ufficio tecnico";"Amministrazione";"Servizi pubblici";"Entrate extratibutarie";"ENTRATE"
"consuntivo";"2";"quadro-2-entrate-titolo-iii-entrate-extratributarie";"urbanistica e gestione del territorio";"Territorio e ambiente";"Servizi pubblici";"Entrate extratibutarie";"ENTRATE"
"consuntivo";"2";"quadro-2-entrate-titolo-iii-entrate-extratributarie";"viabilità, circolazione stradale e servizi connessi";"Viabilità e trasporti";"Servizi pubblici";"Entrate extratibutarie";"ENTRATE"
"consuntivo";"2";"quadro-2-entrate-titolo-iv-entrate-derivanti-da-alienazione-da-trasfer-di-capitali-e-da-riscossioni-di-crediti";"alienazione beni immobili e diritti reali su beni immobili";"Alienazione beni immobili";"Alienazione del patrimonio";"VENDITE E TRASFERIMENTI DI CAPITALI";"ENTRATE"
"consuntivo";"2";"quadro-2-entrate-titolo-iv-entrate-derivanti-da-alienazione-da-trasfer-di-capitali-e-da-riscossioni-di-crediti";"alienazione beni mobili e diritti reali su beni mobili";"Alienazione beni mobili";"Alienazione del patrimonio";"VENDITE E TRASFERIMENTI DI CAPITALI";"ENTRATE"
"consuntivo";"2";"quadro-2-entrate-titolo-iv-entrate-derivanti-da-alienazione-da-trasfer-di-capitali-e-da-riscossioni-di-crediti";"alienazione di beni patrimoniali diversi";"";"Alienazione del patrimonio";"VENDITE E TRASFERIMENTI DI CAPITALI";"ENTRATE"
"consuntivo";"2";"quadro-2-entrate-titolo-iv-entrate-derivanti-da-alienazione-da-trasfer-di-capitali-e-da-riscossioni-di-crediti";"categoria 1 - alienazione di beni patrimoniali";"";"Alienazione del patrimonio";"VENDITE E TRASFERIMENTI DI CAPITALI";"ENTRATE"
"consuntivo";"2";"quadro-2-entrate-titolo-iv-entrate-derivanti-da-alienazione-da-trasfer-di-capitali-e-da-riscossioni-di-crediti";"categoria 2 - trasferimenti di capitali dallo stato";"";"Trasferimenti dallo Stato";"VENDITE E TRASFERIMENTI DI CAPITALI";"ENTRATE"
"consuntivo";"2";"quadro-2-entrate-titolo-iv-entrate-derivanti-da-alienazione-da-trasfer-di-capitali-e-da-riscossioni-di-crediti";"categoria 3 - trasferimenti di capitali dalla regione";"";"Trasferimenti dalla Regione";"VENDITE E TRASFERIMENTI DI CAPITALI";"ENTRATE"
"consuntivo";"2";"quadro-2-entrate-titolo-iv-entrate-derivanti-da-alienazione-da-trasfer-di-capitali-e-da-riscossioni-di-crediti";"categoria 4 - trasferimenti di capitali da altri enti del settore pubblico";"";"Trasferimenti da ALTRI ENTI PUBBLICI";"VENDITE E TRASFERIMENTI DI CAPITALI";"ENTRATE"
"consuntivo";"2";"quadro-2-entrate-titolo-iv-entrate-derivanti-da-alienazione-da-trasfer-di-capitali-e-da-riscossioni-di-crediti";"categoria 5 - trasferimenti di capitali da altri soggetti :";"Trasferimenti di capitali (altro )";"Trasferimenti di capitali da privati";"VENDITE E TRASFERIMENTI DI CAPITALI";"ENTRATE"
"consuntivo";"2";"quadro-2-entrate-titolo-iv-entrate-derivanti-da-alienazione-da-trasfer-di-capitali-e-da-riscossioni-di-crediti";"categoria 6 - riscossioni di crediti";"";"Riscossioni di crediti";"VENDITE E TRASFERIMENTI DI CAPITALI";"ENTRATE"
"consuntivo";"2";"quadro-2-entrate-titolo-iv-entrate-derivanti-da-alienazione-da-trasfer-di-capitali-e-da-riscossioni-di-crediti";"concessione di beni demaniali";"";"Alienazione del patrimonio";"VENDITE E TRASFERIMENTI DI CAPITALI";"ENTRATE"
"consuntivo";"2";"quadro-2-entrate-titolo-iv-entrate-derivanti-da-alienazione-da-trasfer-di-capitali-e-da-riscossioni-di-crediti";"da famiglie (eredita' e donazioni)";"Trasferimenti di capitali (altro )";"Trasferimenti di capitali da privati";"VENDITE E TRASFERIMENTI DI CAPITALI";"ENTRATE"
"consuntivo";"2";"quadro-2-entrate-titolo-iv-entrate-derivanti-da-alienazione-da-trasfer-di-capitali-e-da-riscossioni-di-crediti";"di cui : - aree";"Alienazione beni immobili";"Trasferimenti di capitali da privati";"VENDITE E TRASFERIMENTI DI CAPITALI";"ENTRATE"
"consuntivo";"2";"quadro-2-entrate-titolo-iv-entrate-derivanti-da-alienazione-da-trasfer-di-capitali-e-da-riscossioni-di-crediti";"di cui : - da imprese";"Trasferimenti di capitali (altro )";"Trasferimenti di capitali da privati";"VENDITE E TRASFERIMENTI DI CAPITALI";"ENTRATE"
"consuntivo";"2";"quadro-2-entrate-titolo-iv-entrate-derivanti-da-alienazione-da-trasfer-di-capitali-e-da-riscossioni-di-crediti";"di cui : - dalle province";"";"Trasferimenti da ALTRI ENTI PUBBLICI";"VENDITE E TRASFERIMENTI DI CAPITALI";"ENTRATE"
"consuntivo";"2";"quadro-2-entrate-titolo-iv-entrate-derivanti-da-alienazione-da-trasfer-di-capitali-e-da-riscossioni-di-crediti";"permessi di costruire e relative sanzioni";"Permessi di costruire  e sanzioni";"Trasferimenti di capitali da privati";"VENDITE E TRASFERIMENTI DI CAPITALI";"ENTRATE"
"consuntivo";"2";"quadro-2-entrate-titolo-iv-entrate-derivanti-da-alienazione-da-trasfer-di-capitali-e-da-riscossioni-di-crediti";"totale entrate derivanti da  alienazione, trasferimenti di capitali e da riscossioni di crediti";"";"Totale VENDITE E TRASFERIMENTI DI CAPITALI";"VENDITE E TRASFERIMENTI DI CAPITALI";"ENTRATE"
"consuntivo";"2";"quadro-2-entrate-titolo-iv-entrate-derivanti-da-alienazione-da-trasfer-di-capitali-e-da-riscossioni-di-crediti";"trasferimenti di capitale straordinari da altri soggetti";"Trasferimenti di capitali (altro )";"Trasferimenti di capitali da privati";"VENDITE E TRASFERIMENTI DI CAPITALI";"ENTRATE"
"consuntivo";"2";"quadro-2-entrate-titolo-v-entrate-derivanti-da-accensione-di-prestiti";"categoria 1 - anticipazioni di cassa";"";"";"";""
"consuntivo";"2";"quadro-2-entrate-titolo-v-entrate-derivanti-da-accensione-di-prestiti";"categoria 2 - finanziamenti a breve termine";"";"";"";""
"consuntivo";"2";"quadro-2-entrate-titolo-v-entrate-derivanti-da-accensione-di-prestiti";"categoria 3 - assunzioni di mutui e prestiti";"";"";"";""
"consuntivo";"2";"quadro-2-entrate-titolo-v-entrate-derivanti-da-accensione-di-prestiti";"categoria 4 - emissioni di prestiti obbligazionari";"";"";"";""
"consuntivo";"2";"quadro-2-entrate-titolo-v-entrate-derivanti-da-accensione-di-prestiti";"totale entrate derivanti da  accensione di prestiti";"";"Totale Prestiti";"PRESTITI";"ENTRATE"
"consuntivo";"2";"quadro-2-entrate-titolo-vi-entrate-da-servizi-per-conto-di-terzi";"totale entrate  da servizi per conto di terzi";"";"Totale entrate per conto terzi";"ENTRATE PER CONTO TERZI";"ENTRATE"
"consuntivo";"2";"quadro-2-entrate-titolo-vi-entrate-da-servizi-per-conto-di-terzi";"totale generale delle entrate";"";"";"TOTALE ENTRATE";"ENTRATE"
"consuntivo";"3";"quadro-3-bis-spese-per-il-personale";"( n.c.) il campo deve contenere un valore e pertanto risulta non compilato dall'ente";"";"";"";""
"consuntivo";"3";"quadro-3-bis-spese-per-il-personale";"(1) gli importi vanno riportati con due zero dopo la virgola.";"";"";"";""
"consuntivo";"3";"quadro-3-bis-spese-per-il-personale";"l'arrotondamento  � effettuato per difetto qualora la prima cifra decimale sia inferiore a cinque.";"";"";"";""
"consuntivo";"3";"quadro-3-bis-spese-per-il-personale";"l'arrotondamento dell'ultima unit� � effettuato per eccesso qualora la prima cifra decimale sia superiore o uguale a cinque;";"";"";"";""
"consuntivo";"3";"quadro-3-riepilogo-generale-delle-spese";"( n.c.) il campo deve contenere un valore e pertanto risulta non compilato dall'ente";"";"";"";""
"consuntivo";"3";"quadro-3-riepilogo-generale-delle-spese";"(1) gli importi vanno riportati con due zero dopo la virgola.";"";"";"";""
"consuntivo";"3";"quadro-3-riepilogo-generale-delle-spese";"(2) relativi a mutui, aperture di credito, prestiti obbligazionari e debiti pluriennali";"";"";"";""
"consuntivo";"3";"quadro-3-riepilogo-generale-delle-spese";"(3) indicare in quale intervento risulta collocata la spesa in bilancio; in caso di spesa finanziata con pi� interventi va indicato l'intervento con prevalenza di spesa.";"";"";"";""
"consuntivo";"3";"quadro-3-riepilogo-generale-delle-spese";"(4) ove, in alcune regioni a statuto speciale la disciplina del personale in convenzione sia prevista da autonomo ccnl, il riferimento di spesa si intende a questo ultimo contratto";"";"";"";""
"consuntivo";"3";"quadro-3-riepilogo-generale-delle-spese";"(5) trattasi di ""spese di personale utilizzato senza estinzione del rapporto di pubblico impiego, in strutture e organismi variamente denominati, partecipati o comunque facenti capo all'ente (compresi consorsi, comunit� montane, unione di comuni, ecc.)"".";"";"";"";""
"consuntivo";"3";"quadro-3-riepilogo-generale-delle-spese";"(6) la spesa relativa allo stipendio del segretario comunale va indicata: al cod. 3055 anche se � in convezione.";"";"";"";""
"consuntivo";"3";"quadro-3-riepilogo-generale-delle-spese";"(7) ove una voce di spesa sia stata contabilizzata insieme ad altre, va enucleata (e, conseguentemente decurtata) nonch� indicata nell'apposita riga della sezione.";"";"";"";""
"consuntivo";"3";"quadro-3-riepilogo-generale-delle-spese";"l'arrotondamento  � effettuato per difetto qualora la prima cifra decimale sia inferiore a cinque.";"";"";"";""
"consuntivo";"3";"quadro-3-riepilogo-generale-delle-spese";"l'arrotondamento dell'ultima unit� � effettuato per eccesso qualora la prima cifra decimale sia superiore o uguale a cinque;";"";"";"";""
"consuntivo";"3";"quadro-3-riepilogo-generale-delle-spese";"rimborso di anticipazioni di cassa";"";"prestiti";"riepilogo generale delle spese";"spese"
"consuntivo";"3";"quadro-3-riepilogo-generale-delle-spese";"rimborso di finanziamenti a breve termine";"";"prestiti";"riepilogo generale delle spese";"spese"
"consuntivo";"3";"quadro-3-riepilogo-generale-delle-spese";"rimborso di prestiti obbligazionari";"";"prestiti";"riepilogo generale delle spese";"spese"
"consuntivo";"3";"quadro-3-riepilogo-generale-delle-spese";"rimborso di quota capitale di debiti pluriennali";"";"prestiti";"riepilogo generale delle spese";"spese"
"consuntivo";"3";"quadro-3-riepilogo-generale-delle-spese";"rimborso di quota capitale di mutui e prestiti";"";"prestiti";"riepilogo generale delle spese";"spese"
"consuntivo";"3";"quadro-3-riepilogo-generale-delle-spese";"rimborso di quota capitale per estinzione anticipata di prestiti";"";"prestiti";"riepilogo generale delle spese";"spese"
"consuntivo";"3";"quadro-3-riepilogo-generale-delle-spese";"titolo i - spese correnti";"";"totale spese correnti";"riepilogo generale delle spese";"spese"
"consuntivo";"3";"quadro-3-riepilogo-generale-delle-spese";"titolo ii - spese in c/capitale";"";"totale spese per investimenti";"riepilogo generale delle spese";"spese"
"consuntivo";"3";"quadro-3-riepilogo-generale-delle-spese";"titolo iii - spese per rimborso di prestiti";"";"totale prestiti";"riepilogo generale delle spese";"spese"
"consuntivo";"3";"quadro-3-riepilogo-generale-delle-spese";"titolo iv - spese per servirzi per conto di terzi";"";"totale spese per conto terzi";"riepilogo generale delle spese";"spese"
"consuntivo";"3";"quadro-3-riepilogo-generale-delle-spese";"totale generale delle spese";"";"totale generale delle spese";"riepilogo generale delle spese";"spese"
"consuntivo";"4";"quadro-4-a-impegni";"(2) per i comuni che hanno collocato la spesa in tale servizio.  si ribadisce che, si ritiene idonea per tale voce contabile,  la collocazione nel servizio assistenza, beneficenza pubblica e servizi diversi alla persona.";"";"";"";""
"consuntivo";"4";"quadro-4-a-impegni";"affissioni e pubblicità";"affissioni e pubblicità";"sviluppo economico";"impegni";"spese"
"consuntivo";"4";"quadro-4-a-impegni";"altri servizi generali";"amministrazione - altro";"amministrazione";"impegni";"spese"
"consuntivo";"4";"quadro-4-a-impegni";"altri servizi produttivi";"amministrazione - altro";"amministrazione";"impegni";"spese"
"consuntivo";"4";"quadro-4-a-impegni";"anagrafe, stato civile, elettorale, leva e servizio statistico";"amministrazione - altro";"amministrazione";"impegni";"spese"
"consuntivo";"4";"quadro-4-a-impegni";"asili nido, servizi per l'infanzia e per i minori";"asili nido";"sociale";"impegni";"spese"
"consuntivo";"4";"quadro-4-a-impegni";"assistenza scolastica, trasporto, refezione e altri servizi";"assistenza, trasporto, mense";"istruzione";"impegni";"spese"
"consuntivo";"4";"quadro-4-a-impegni";"assistenza, beneficenza pubblica e servizi diversi alla persona";"assistenza e beneficenza";"sociale";"impegni";"spese"
"consuntivo";"4";"quadro-4-a-impegni";"biblioteche, musei e pinacoteche";"biblioteche e musei";"cultura";"impegni";"spese"
"consuntivo";"4";"quadro-4-a-impegni";"casa circondariale e altri servizi";"";"giustizia";"impegni";"spese"
"consuntivo";"4";"quadro-4-a-impegni";"centrale del latte";"";"servizi produttivi";"impegni";"spese"
"consuntivo";"4";"quadro-4-a-impegni";"di cui : rette corrisposte agli istituti che ospitano i minori a seguito di affidamento giudiziale";"";"giustizia";"impegni";"spese"
"consuntivo";"4";"quadro-4-a-impegni";"di cui : rette corrisposte agli istituti che ospitano i minori a seguito di affidamento giudiziale (2)";"";"giustizia";"impegni";"spese"
"consuntivo";"4";"quadro-4-a-impegni";"distribuzione energia elettrica";"";"servizi produttivi";"impegni";"spese"
"consuntivo";"4";"quadro-4-a-impegni";"distribuzione gas";"";"servizi produttivi";"impegni";"spese"
"consuntivo";"4";"quadro-4-a-impegni";"edilizia residenziale pubblica e locale e piani di edilizia economica-popolare";"edilizia pubblica";"ambiente e territorio";"impegni";"spese"
"consuntivo";"4";"quadro-4-a-impegni";"edilizia residenziale pubblica e locale e piani di edilizia economico-popolare";"edilizia pubblica";"ambiente e territorio";"impegni";"spese"
"consuntivo";"4";"quadro-4-a-impegni";"farmacie";"";"servizi produttivi";"impegni";"spese"
"consuntivo";"4";"quadro-4-a-impegni";"fiere, mercati e servizi connessi";"fiere e mercati";"sviluppo economico";"impegni";"spese"
"consuntivo";"4";"quadro-4-a-impegni";"funzioni di istruzione pubblica. di cui:";"";"totale istruzione";"impegni";"spese"
"consuntivo";"4";"quadro-4-a-impegni";"funzioni di polizia locale. di cui:";"";"totale polizia";"impegni";"spese"
"consuntivo";"4";"quadro-4-a-impegni";"funzioni generali di amministrazione di gestione e di controllo. di cui:";"";"totale amministrazione";"impegni";"spese"
"consuntivo";"4";"quadro-4-a-impegni";"funzioni nel campo della viabilità e dei trasporti. di cui:";"";"totale viabilità e trasporti";"impegni";"spese"
"consuntivo";"4";"quadro-4-a-impegni";"funzioni nel campo dello sviluppo economico";"";"totale svluppo economico";"impegni";"spese"
"consuntivo";"4";"quadro-4-a-impegni";"funzioni nel campo turistico";"";"totale turismo";"impegni";"spese"
"consuntivo";"4";"quadro-4-a-impegni";"funzioni nel settore sociale. di cui:";"";"totale sociale";"impegni";"spese"
"consuntivo";"4";"quadro-4-a-impegni";"funzioni nel settore sportivo e ricreativo. di cui:";"";"totale sport";"impegni";"spese"
"consuntivo";"4";"quadro-4-a-impegni";"funzioni relative a servizi produttivi";"";"totale servizi produttivi";"impegni";"spese"
"consuntivo";"4";"quadro-4-a-impegni";"funzioni relative alla cultura ed ai beni culturali. di cui:";"";"totale cultura";"impegni";"spese"
"consuntivo";"4";"quadro-4-a-impegni";"funzioni relative alla giustizia";"";"totale giustizia";"impegni";"spese"
"consuntivo";"4";"quadro-4-a-impegni";"funzioni riguardanti la gestione del territorio e dell'ambiente. di cui:";"";"totale territorio e ambiente";"impegni";"spese"
"consuntivo";"4";"quadro-4-a-impegni";"gestione dei beni demaniali e patrimoniali";"amministrazione - altro";"amministrazione";"impegni";"spese"
"consuntivo";"4";"quadro-4-a-impegni";"gestione delle entrate tributarie e servizi fiscali";"amministrazione - altro";"amministrazione";"impegni";"spese"
"consuntivo";"4";"quadro-4-a-impegni";"gestione economica, finanziaria, programmazione, provveditorato e controllo di gestione";"amministrazione - altro";"amministrazione";"impegni";"spese"
"consuntivo";"4";"quadro-4-a-impegni";"illuminazione pubblica e servizi connessi";"illuminazione";"viabilità e trasporti";"impegni";"spese"
"consuntivo";"4";"quadro-4-a-impegni";"indennità per gli organi istituzionali degli enti";"organi istituzionali";"amministrazione";"impegni";"spese"
"consuntivo";"4";"quadro-4-a-impegni";"istruzione elementare";"istruzione elementare";"istruzione";"impegni";"spese"
"consuntivo";"4";"quadro-4-a-impegni";"istruzione media";"istruzione media";"istruzione";"impegni";"spese"
"consuntivo";"4";"quadro-4-a-impegni";"istruzione secondaria superiore";"istruzione secondaria superiore";"istruzione";"impegni";"spese"
"consuntivo";"4";"quadro-4-a-impegni";"manifestazione turistiche";"";"turismo";"impegni";"spese"
"consuntivo";"4";"quadro-4-a-impegni";"manifestazioni diverse nel settore sportivo e ricreativo";"manifestazioni sportive";"sport";"impegni";"spese"
"consuntivo";"4";"quadro-4-a-impegni";"mattatoio e servizi connessi";"mattatoio";"sviluppo economico";"impegni";"spese"
"consuntivo";"4";"quadro-4-a-impegni";"organi istituzionali, partecipazione e decentramento di cui :";"organi istituzionali";"amministrazione";"impegni";"spese"
"consuntivo";"4";"quadro-4-a-impegni";"parchi e servizi per la tutela ambientale del verde";"parchi";"ambiente e territorio";"impegni";"spese"
"consuntivo";"4";"quadro-4-a-impegni";"piscine comunali";"piscine comunali";"sport";"impegni";"spese"
"consuntivo";"4";"quadro-4-a-impegni";"polizia amministrativa";"";"polizia";"impegni";"spese"
"consuntivo";"4";"quadro-4-a-impegni";"polizia commerciale";"";"polizia";"impegni";"spese"
"consuntivo";"4";"quadro-4-a-impegni";"polizia municipale";"";"polizia";"impegni";"spese"
"consuntivo";"4";"quadro-4-a-impegni";"scuola materna";"scuola materna";"istruzione";"impegni";"spese"
"consuntivo";"4";"quadro-4-a-impegni";"segreteria generale, personale e organizzazione";"amministrazione - altro";"amministrazione";"impegni";"spese"
"consuntivo";"4";"quadro-4-a-impegni";"servizi di prevenzione e riabilitazione";"prevenzione e riabilitazione";"sociale";"impegni";"spese"
"consuntivo";"4";"quadro-4-a-impegni";"servizi relativi al commercio";"servizi per commercio";"sviluppo economico";"impegni";"spese"
"consuntivo";"4";"quadro-4-a-impegni";"servizi relativi all'agricoltura";"servizi per agricoltura";"sviluppo economico";"impegni";"spese"
"consuntivo";"4";"quadro-4-a-impegni";"servizi relativi all'artigianato";"servizi per artigianato";"sviluppo economico";"impegni";"spese"
"consuntivo";"4";"quadro-4-a-impegni";"servizi relativi all'industria";"servizi per industria";"sviluppo economico";"impegni";"spese"
"consuntivo";"4";"quadro-4-a-impegni";"servizi turistici";"";"turismo";"impegni";"spese"
"consuntivo";"4";"quadro-4-a-impegni";"servizio di protezione civile";"protezione civile";"ambiente e territorio";"impegni";"spese"
"consuntivo";"4";"quadro-4-a-impegni";"servizio idrico integrato";"servizio idrico";"ambiente e territorio";"impegni";"spese"
"consuntivo";"4";"quadro-4-a-impegni";"servizio necroscopico e cimiteriale";"cimiteri";"sociale";"impegni";"spese"
"consuntivo";"4";"quadro-4-a-impegni";"servizio smaltimento rifiuti";"rifiuti";"territorio e ambiente";"impegni";"spese"
"consuntivo";"4";"quadro-4-a-impegni";"stadio comunale, palazzo dello sport ed altri impianti";"stadio e impianti";"sport";"impegni";"spese"
"consuntivo";"4";"quadro-4-a-impegni";"strutture residenziali e di ricovero per anziani";"residenze anziani";"sociale";"impegni";"spese"
"consuntivo";"4";"quadro-4-a-impegni";"teatri, attività culturali e servizi diversi nel settore culturale";"teatri";"cultura";"impegni";"spese"
"consuntivo";"4";"quadro-4-a-impegni";"teleriscaldamento";"";"servizi produttivi";"impegni";"spese"
"consuntivo";"4";"quadro-4-a-impegni";"totale";"";"totale generale funzioni";"impegni";"spese"
"consuntivo";"4";"quadro-4-a-impegni";"trasporti pubblici locali e servizi connessi";"trasporti pubblici";"viabilità e trasporti";"impegni";"spese"
"consuntivo";"4";"quadro-4-a-impegni";"uffici giudiziari";"";"giustizia";"impegni";"spese"
"consuntivo";"4";"quadro-4-a-impegni";"ufficio tecnico";"amministrazione - altro";"amministrazione";"impegni";"spese"
"consuntivo";"4";"quadro-4-a-impegni";"urbanistica e gestione del territorio";"urbanistica e territorio";"territorio e ambiente";"impegni";"spese"
"consuntivo";"4";"quadro-4-a-impegni";"viabilità, circolazione stradale e servizi connessi";"viabilità";"viabilità e trasporti";"impegni";"spese"
"consuntivo";"4";"quadro-4-b-pagamenti-in-conto-competenza";"(2) per i comuni che hanno collocato la spesa in tale servizio.  si ribadisce che, si ritiene idonea per tale voce contabile,  la collocazione nel servizio assistenza, beneficenza pubblica e servizi diversi alla persona.";"";"";"";""
"consuntivo";"4";"quadro-4-b-pagamenti-in-conto-competenza";"affissioni e pubblicità";"affissioni e pubblicità";"sviluppo economico";"pagamenti in conto competenza";"spese"
"consuntivo";"4";"quadro-4-b-pagamenti-in-conto-competenza";"altri servizi generali";"amministrazione - altro";"amministrazione";"pagamenti in conto competenza";"spese"
"consuntivo";"4";"quadro-4-b-pagamenti-in-conto-competenza";"altri servizi produttivi";"amministrazione - altro";"amministrazione";"pagamenti in conto competenza";"spese"
"consuntivo";"4";"quadro-4-b-pagamenti-in-conto-competenza";"anagrafe, stato civile, elettorale, leva e servizio statistico";"amministrazione - altro";"amministrazione";"pagamenti in conto competenza";"spese"
"consuntivo";"4";"quadro-4-b-pagamenti-in-conto-competenza";"asili nido, servizi per l'infanzia e per i minori";"asili nido";"sociale";"pagamenti in conto competenza";"spese"
"consuntivo";"4";"quadro-4-b-pagamenti-in-conto-competenza";"assistenza scolastica, trasporto, refezione e altri servizi";"assistenza, trasporto, mense";"istruzione";"pagamenti in conto competenza";"spese"
"consuntivo";"4";"quadro-4-b-pagamenti-in-conto-competenza";"assistenza, beneficenza pubblica e servizi diversi alla persona";"assistenza e beneficenza";"sociale";"pagamenti in conto competenza";"spese"
"consuntivo";"4";"quadro-4-b-pagamenti-in-conto-competenza";"biblioteche, musei e pinacoteche";"biblioteche e musei";"cultura";"pagamenti in conto competenza";"spese"
"consuntivo";"4";"quadro-4-b-pagamenti-in-conto-competenza";"casa circondariale e altri servizi";"";"giustizia";"pagamenti in conto competenza";"spese"
"consuntivo";"4";"quadro-4-b-pagamenti-in-conto-competenza";"centrale del latte";"";"servizi produttivi";"pagamenti in conto competenza";"spese"
"consuntivo";"4";"quadro-4-b-pagamenti-in-conto-competenza";"di cui : rette corrisposte agli istituti che ospitano i minori a seguito di affidamento giudiziale";"";"giustizia";"pagamenti in conto competenza";"spese"
"consuntivo";"4";"quadro-4-b-pagamenti-in-conto-competenza";"distribuzione energia elettrica";"";"servizi produttivi";"pagamenti in conto competenza";"spese"
"consuntivo";"4";"quadro-4-b-pagamenti-in-conto-competenza";"distribuzione gas";"";"servizi produttivi";"pagamenti in conto competenza";"spese"
"consuntivo";"4";"quadro-4-b-pagamenti-in-conto-competenza";"edilizia residenziale pubblica e locale e piani di edilizia economico-popolare";"edilizia pubblica";"ambiente e territorio";"pagamenti in conto competenza";"spese"
"consuntivo";"4";"quadro-4-b-pagamenti-in-conto-competenza";"farmacie";"";"servizi produttivi";"pagamenti in conto competenza";"spese"
"consuntivo";"4";"quadro-4-b-pagamenti-in-conto-competenza";"fiere, mercati e servizi connessi";"fiere e mercati";"sviluppo economico";"pagamenti in conto competenza";"spese"
"consuntivo";"4";"quadro-4-b-pagamenti-in-conto-competenza";"funzioni di istruzione pubblica. di cui:";"";"totale istruzione";"pagamenti in conto competenza";"spese"
"consuntivo";"4";"quadro-4-b-pagamenti-in-conto-competenza";"funzioni di polizia locale. di cui:";"";"totale polizia";"pagamenti in conto competenza";"spese"
"consuntivo";"4";"quadro-4-b-pagamenti-in-conto-competenza";"funzioni generali di amministrazione di gestione e di controllo. di cui:";"";"totale amministrazione";"pagamenti in conto competenza";"spese"
"consuntivo";"4";"quadro-4-b-pagamenti-in-conto-competenza";"funzioni nel campo della viabilità e dei trasporti. di cui:";"";"totale viabilità e trasporti";"pagamenti in conto competenza";"spese"
"consuntivo";"4";"quadro-4-b-pagamenti-in-conto-competenza";"funzioni nel campo dello sviluppo economico";"";"totale svluppo economico";"pagamenti in conto competenza";"spese"
"consuntivo";"4";"quadro-4-b-pagamenti-in-conto-competenza";"funzioni nel campo turistico";"";"totale turismo";"pagamenti in conto competenza";"spese"
"consuntivo";"4";"quadro-4-b-pagamenti-in-conto-competenza";"funzioni nel settore sociale. di cui:";"";"totale sociale";"pagamenti in conto competenza";"spese"
"consuntivo";"4";"quadro-4-b-pagamenti-in-conto-competenza";"funzioni nel settore sportivo e ricreativo. di cui:";"";"totale sport";"pagamenti in conto competenza";"spese"
"consuntivo";"4";"quadro-4-b-pagamenti-in-conto-competenza";"funzioni relative a servizi produttivi";"";"totale servizi produttivi";"pagamenti in conto competenza";"spese"
"consuntivo";"4";"quadro-4-b-pagamenti-in-conto-competenza";"funzioni relative alla cultura ed ai beni culturali. di cui:";"";"totale cultura";"pagamenti in conto competenza";"spese"
"consuntivo";"4";"quadro-4-b-pagamenti-in-conto-competenza";"funzioni relative alla giustizia";"";"totale giustizia";"pagamenti in conto competenza";"spese"
"consuntivo";"4";"quadro-4-b-pagamenti-in-conto-competenza";"funzioni riguardanti la gestione del territorio e dell'ambiente. di cui:";"";"totale territorio e ambiente";"pagamenti in conto competenza";"spese"
"consuntivo";"4";"quadro-4-b-pagamenti-in-conto-competenza";"gestione dei beni demaniali e patrimoniali";"amministrazione - altro";"amministrazione";"pagamenti in conto competenza";"spese"
"consuntivo";"4";"quadro-4-b-pagamenti-in-conto-competenza";"gestione delle entrate tributarie e servizi fiscali";"amministrazione - altro";"amministrazione";"pagamenti in conto competenza";"spese"
"consuntivo";"4";"quadro-4-b-pagamenti-in-conto-competenza";"gestione economica, finanziaria, programmazione, provveditorato e controllo di gestione";"amministrazione - altro";"amministrazione";"pagamenti in conto competenza";"spese"
"consuntivo";"4";"quadro-4-b-pagamenti-in-conto-competenza";"illuminazione pubblica e servizi connessi";"illuminazione";"viabilità e trasporti";"pagamenti in conto competenza";"spese"
"consuntivo";"4";"quadro-4-b-pagamenti-in-conto-competenza";"indennità per gli organi istituzionali degli enti";"organi istituzionali";"amministrazione";"pagamenti in conto competenza";"spese"
"consuntivo";"4";"quadro-4-b-pagamenti-in-conto-competenza";"istruzione elementare";"istruzione elementare";"istruzione";"pagamenti in conto competenza";"spese"
"consuntivo";"4";"quadro-4-b-pagamenti-in-conto-competenza";"istruzione media";"istruzione media";"istruzione";"pagamenti in conto competenza";"spese"
"consuntivo";"4";"quadro-4-b-pagamenti-in-conto-competenza";"istruzione secondaria superiore";"istruzione secondaria superiore";"istruzione";"pagamenti in conto competenza";"spese"
"consuntivo";"4";"quadro-4-b-pagamenti-in-conto-competenza";"manifestazioni diverse nel settore sportivo e ricreativo";"manifestazioni sportive";"sport";"pagamenti in conto competenza";"spese"
"consuntivo";"4";"quadro-4-b-pagamenti-in-conto-competenza";"manifestazioni turistiche";"";"turismo";"pagamenti in conto competenza";"spese"
"consuntivo";"4";"quadro-4-b-pagamenti-in-conto-competenza";"mattatoio e servizi connessi";"mattatoio";"sviluppo economico";"pagamenti in conto competenza";"spese"
"consuntivo";"4";"quadro-4-b-pagamenti-in-conto-competenza";"organi istituzionali, partecipazione e decentramento di cui :";"organi istituzionali";"amministrazione";"pagamenti in conto competenza";"spese"
"consuntivo";"4";"quadro-4-b-pagamenti-in-conto-competenza";"parchi e servizi per la tutela ambientale del verde";"parchi";"ambiente e territorio";"pagamenti in conto competenza";"spese"
"consuntivo";"4";"quadro-4-b-pagamenti-in-conto-competenza";"piscine comunali";"piscine comunali";"sport";"pagamenti in conto competenza";"spese"
"consuntivo";"4";"quadro-4-b-pagamenti-in-conto-competenza";"polizia amministrativa";"";"polizia";"pagamenti in conto competenza";"spese"
"consuntivo";"4";"quadro-4-b-pagamenti-in-conto-competenza";"polizia commerciale";"";"polizia";"pagamenti in conto competenza";"spese"
"consuntivo";"4";"quadro-4-b-pagamenti-in-conto-competenza";"polizia municipale";"";"polizia";"pagamenti in conto competenza";"spese"
"consuntivo";"4";"quadro-4-b-pagamenti-in-conto-competenza";"scuola materna";"scuola materna";"istruzione";"pagamenti in conto competenza";"spese"
"consuntivo";"4";"quadro-4-b-pagamenti-in-conto-competenza";"segreteria generale, personale e organizzazione";"amministrazione - altro";"amministrazione";"pagamenti in conto competenza";"spese"
"consuntivo";"4";"quadro-4-b-pagamenti-in-conto-competenza";"servizi di prevenzione e riabilitazione";"prevenzione e riabilitazione";"sociale";"pagamenti in conto competenza";"spese"
"consuntivo";"4";"quadro-4-b-pagamenti-in-conto-competenza";"servizi relativi al commercio";"servizi per commercio";"sviluppo economico";"pagamenti in conto competenza";"spese"
"consuntivo";"4";"quadro-4-b-pagamenti-in-conto-competenza";"servizi relativi all'agricoltura";"servizi per agricoltura";"sviluppo economico";"pagamenti in conto competenza";"spese"
"consuntivo";"4";"quadro-4-b-pagamenti-in-conto-competenza";"servizi relativi all'artigianato";"servizi per artigianato";"sviluppo economico";"pagamenti in conto competenza";"spese"
"consuntivo";"4";"quadro-4-b-pagamenti-in-conto-competenza";"servizi relativi all'industria";"servizi per industria";"sviluppo economico";"pagamenti in conto competenza";"spese"
"consuntivo";"4";"quadro-4-b-pagamenti-in-conto-competenza";"servizi turistici";"";"turismo";"pagamenti in conto competenza";"spese"
"consuntivo";"4";"quadro-4-b-pagamenti-in-conto-competenza";"servizio di protezione civile";"protezione civile";"ambiente e territorio";"pagamenti in conto competenza";"spese"
"consuntivo";"4";"quadro-4-b-pagamenti-in-conto-competenza";"servizio idrico integrato";"servizio idrico";"ambiente e territorio";"pagamenti in conto competenza";"spese"
"consuntivo";"4";"quadro-4-b-pagamenti-in-conto-competenza";"servizio necroscopico e cimiteriale";"cimiteri";"sociale";"pagamenti in conto competenza";"spese"
"consuntivo";"4";"quadro-4-b-pagamenti-in-conto-competenza";"servizio smaltimento rifiuti";"rifiuti";"territorio e ambiente";"pagamenti in conto competenza";"spese"
"consuntivo";"4";"quadro-4-b-pagamenti-in-conto-competenza";"stadio comunale, palazzo dello sport ed altri impianti";"stadio e impianti";"sport";"pagamenti in conto competenza";"spese"
"consuntivo";"4";"quadro-4-b-pagamenti-in-conto-competenza";"strutture residenziali e di ricovero per anziani";"residenze anziani";"sociale";"pagamenti in conto competenza";"spese"
"consuntivo";"4";"quadro-4-b-pagamenti-in-conto-competenza";"teatri, attività culturali e servizi diversi nel settore culturale";"teatri";"cultura";"pagamenti in conto competenza";"spese"
"consuntivo";"4";"quadro-4-b-pagamenti-in-conto-competenza";"teleriscaldamento";"";"servizi produttivi";"pagamenti in conto competenza";"spese"
"consuntivo";"4";"quadro-4-b-pagamenti-in-conto-competenza";"totali";"";"totale generale funzioni";"pagamenti in conto competenza";"spese"
"consuntivo";"4";"quadro-4-b-pagamenti-in-conto-competenza";"trasporti pubblici locali e servizi connessi";"trasporti pubblici";"viabilità e trasporti";"pagamenti in conto competenza";"spese"
"consuntivo";"4";"quadro-4-b-pagamenti-in-conto-competenza";"uffici giudiziari";"";"giustizia";"pagamenti in conto competenza";"spese"
"consuntivo";"4";"quadro-4-b-pagamenti-in-conto-competenza";"ufficio tecnico";"amministrazione - altro";"amministrazione";"pagamenti in conto competenza";"spese"
"consuntivo";"4";"quadro-4-b-pagamenti-in-conto-competenza";"urbanistica e gestione del territorio";"urbanistica e territorio";"territorio e ambiente";"pagamenti in conto competenza";"spese"
"consuntivo";"4";"quadro-4-b-pagamenti-in-conto-competenza";"viabilità, circolazione stradale e servizi connessi";"viabilità";"viabilità e trasporti";"pagamenti in conto competenza";"spese"
"consuntivo";"4";"quadro-4-c-pagamenti-in-conto-residui";"( n.c.) il campo deve contenere un valore e pertanto risulta non compilato dall'ente";"";"";"";""
"consuntivo";"4";"quadro-4-c-pagamenti-in-conto-residui";"(1) gli importi vanno riportati con due zero dopo la virgola.";"";"";"";""
"consuntivo";"4";"quadro-4-c-pagamenti-in-conto-residui";"anagrafe, stato civile, elettorale, leva e servizio statistico";"amministrazione - altro";"amministrazione";"pagamenti in conto residui";"spese"
"consuntivo";"4";"quadro-4-c-pagamenti-in-conto-residui";"asili nido, servizi per l'infanzia e per i minori";"asili nido";"sociale";"pagamenti in conto residui";"spese"
"consuntivo";"4";"quadro-4-c-pagamenti-in-conto-residui";"assistenza scolastica, trasporto, refezione e altri servizi";"assistenza, trasporto, mense";"istruzione";"pagamenti in conto residui";"spese"
"consuntivo";"4";"quadro-4-c-pagamenti-in-conto-residui";"assistenza, beneficenza pubblica e servizi diversi alla persona";"assistenza e beneficenza";"sociale";"pagamenti in conto residui";"spese"
"consuntivo";"4";"quadro-4-c-pagamenti-in-conto-residui";"biblioteche, musei e pinacoteche";"biblioteche e musei";"cultura";"pagamenti in conto residui";"spese"
"consuntivo";"4";"quadro-4-c-pagamenti-in-conto-residui";"edilizia residenziale pubblica e locale e piani di edilizia economico-popolare";"edilizia pubblica";"ambiente e territorio";"pagamenti in conto residui";"spese"
"consuntivo";"4";"quadro-4-c-pagamenti-in-conto-residui";"funzioni di istruzione pubblica. di cui:";"";"totale istruzione";"pagamenti in conto residui";"spese"
"consuntivo";"4";"quadro-4-c-pagamenti-in-conto-residui";"funzioni di polizia locale. di cui:";"";"totale polizia";"pagamenti in conto residui";"spese"
"consuntivo";"4";"quadro-4-c-pagamenti-in-conto-residui";"funzioni generali di amministrazione di gestione e di controllo. di cui:";"";"totale amministrazione";"pagamenti in conto residui";"spese"
"consuntivo";"4";"quadro-4-c-pagamenti-in-conto-residui";"funzioni nel campo della viabilità e dei trasporti. di cui:";"";"totale viabilità e trasporti";"pagamenti in conto residui";"spese"
"consuntivo";"4";"quadro-4-c-pagamenti-in-conto-residui";"funzioni nel campo dello sviluppo economico";"";"totale svluppo economico";"pagamenti in conto residui";"spese"
"consuntivo";"4";"quadro-4-c-pagamenti-in-conto-residui";"funzioni nel campo turistico";"";"totale turismo";"pagamenti in conto residui";"spese"
"consuntivo";"4";"quadro-4-c-pagamenti-in-conto-residui";"funzioni nel settore sociale. di cui:";"";"totale sociale";"pagamenti in conto residui";"spese"
"consuntivo";"4";"quadro-4-c-pagamenti-in-conto-residui";"funzioni nel settore sportivo e ricreativo. di cui:";"";"totale sport";"pagamenti in conto residui";"spese"
"consuntivo";"4";"quadro-4-c-pagamenti-in-conto-residui";"funzioni relative a servizi produttivi";"";"totale servizi produttivi";"pagamenti in conto residui";"spese"
"consuntivo";"4";"quadro-4-c-pagamenti-in-conto-residui";"funzioni relative alla cultura ed ai beni culturali. di cui:";"";"totale cultura";"pagamenti in conto residui";"spese"
"consuntivo";"4";"quadro-4-c-pagamenti-in-conto-residui";"funzioni relative alla giustizia";"";"totale giustizia";"pagamenti in conto residui";"spese"
"consuntivo";"4";"quadro-4-c-pagamenti-in-conto-residui";"funzioni riguardanti la gestione del territorio e dell'ambiente. di cui:";"";"totale territorio e ambiente";"pagamenti in conto residui";"spese"
"consuntivo";"4";"quadro-4-c-pagamenti-in-conto-residui";"gestione dei beni demaniali e patrimoniali";"amministrazione - altro";"amministrazione";"pagamenti in conto residui";"spese"
"consuntivo";"4";"quadro-4-c-pagamenti-in-conto-residui";"gestione delle entrate tributarie e servizi fiscali";"amministrazione - altro";"amministrazione";"pagamenti in conto residui";"spese"
"consuntivo";"4";"quadro-4-c-pagamenti-in-conto-residui";"gestione economica, finanziaria, programmazione, provveditorato e controllo di gestione";"amministrazione - altro";"amministrazione";"pagamenti in conto residui";"spese"
"consuntivo";"4";"quadro-4-c-pagamenti-in-conto-residui";"illuminazione pubblica e servizi connessi";"illuminazione";"viabilità e trasporti";"pagamenti in conto residui";"spese"
"consuntivo";"4";"quadro-4-c-pagamenti-in-conto-residui";"istruzione elementare";"Istruzione elementare";"istruzione";"pagamenti in conto residui";"spese"
"consuntivo";"4";"quadro-4-c-pagamenti-in-conto-residui";"istruzione media";"istruzione media";"istruzione";"pagamenti in conto residui";"spese"
"consuntivo";"4";"quadro-4-c-pagamenti-in-conto-residui";"l'arrotondamento  � effettuato per difetto qualora la prima cifra decimale sia inferiore a cinque.";"";"";"";""
"consuntivo";"4";"quadro-4-c-pagamenti-in-conto-residui";"l'arrotondamento dell'ultima unit� � effettuato per eccesso qualora la prima cifra decimale sia superiore o uguale a cinque;";"";"";"";""
"consuntivo";"4";"quadro-4-c-pagamenti-in-conto-residui";"organi istituzionali, partecipazione e decentramento";"organi istituzionali";"amministrazione";"pagamenti in conto residui";"spese"
"consuntivo";"4";"quadro-4-c-pagamenti-in-conto-residui";"piscine comunali";"piscine comunali";"sport";"pagamenti in conto residui";"spese"
"consuntivo";"4";"quadro-4-c-pagamenti-in-conto-residui";"polizia municipale";"";"polizia";"pagamenti in conto residui";"spese"
"consuntivo";"4";"quadro-4-c-pagamenti-in-conto-residui";"scuola materna";"scuola materna";"istruzione";"pagamenti in conto residui";"spese"
"consuntivo";"4";"quadro-4-c-pagamenti-in-conto-residui";"segreteria generale, personale e organizzazione";"amministrazione - altro";"amministrazione";"pagamenti in conto residui";"spese"
"consuntivo";"4";"quadro-4-c-pagamenti-in-conto-residui";"servizio idrico integrato";"servizio idrico";"ambiente e territorio";"pagamenti in conto residui";"spese"
"consuntivo";"4";"quadro-4-c-pagamenti-in-conto-residui";"servizio necroscopico e cimiteriale";"cimiteri";"sociale";"pagamenti in conto residui";"spese"
"consuntivo";"4";"quadro-4-c-pagamenti-in-conto-residui";"servizio smaltimento rifiuti";"rifiuti";"territorio e ambiente";"pagamenti in conto residui";"spese"
"consuntivo";"4";"quadro-4-c-pagamenti-in-conto-residui";"stadio comunale, palazzo dello sport ed altri impianti";"stadio e impianti";"sport";"pagamenti in conto residui";"spese"
"consuntivo";"4";"quadro-4-c-pagamenti-in-conto-residui";"strutture residenziali e di ricovero per anziani";"residenze anziani";"sociale";"pagamenti in conto residui";"spese"
"consuntivo";"4";"quadro-4-c-pagamenti-in-conto-residui";"totali";"";"totale generale funzioni";"pagamenti in conto residui";"spese"
"consuntivo";"4";"quadro-4-c-pagamenti-in-conto-residui";"ufficio tecnico";"amministrazione - altro";"amministrazione";"pagamenti in conto residui";"spese"
"consuntivo";"4";"quadro-4-c-pagamenti-in-conto-residui";"urbanistica e gestione del territorio";"urbanistica e territorio";"territorio e ambiente";"pagamenti in conto residui";"spese"
"consuntivo";"4";"quadro-4-c-pagamenti-in-conto-residui";"viabilità, circolazione stradale e servizi connessi";"viabilità";"viabilità e trasporti";"pagamenti in conto residui";"spese"
"consuntivo";"5";"quadro-5-a-impegni";"( n.c.) il campo deve contenere un valore e pertanto risulta non compilato dall'ente";"";"";"";""
"consuntivo";"5";"quadro-5-a-impegni";"(1) gli importi vanno riportati con due zero dopo la virgola.";"";"";"";""
"consuntivo";"5";"quadro-5-a-impegni";"affissioni e pubblicità";"affissioni e pubblicità";"sviluppo economico";"impegni";"spese"
"consuntivo";"5";"quadro-5-a-impegni";"altri servizi generali";"amministrazione - altro";"amministrazione";"impegni";"spese"
"consuntivo";"5";"quadro-5-a-impegni";"altri servizi produttivi";"amministrazione - altro";"amministrazione";"impegni";"spese"
"consuntivo";"5";"quadro-5-a-impegni";"anagrafe, stato civile, elettorale, leva e servizio statistico";"amministrazione - altro";"amministrazione";"impegni";"spese"
"consuntivo";"5";"quadro-5-a-impegni";"asili nido, servizi per l'infanzia e per i minori";"asili nido";"sociale";"impegni";"spese"
"consuntivo";"5";"quadro-5-a-impegni";"assistenza scolastica, trasporto, refezione e altri servizi";"assistenza, trasporto, mense";"istruzione";"impegni";"spese"
"consuntivo";"5";"quadro-5-a-impegni";"assistenza, beneficenza pubblica e servizi diversi alla persona";"assistenza e beneficenza";"sociale";"impegni";"spese"
"consuntivo";"5";"quadro-5-a-impegni";"biblioteche, musei e pinacoteche";"biblioteche e musei";"cultura";"impegni";"spese"
"consuntivo";"5";"quadro-5-a-impegni";"casa circondariale e altri servizi";"";"giustizia";"impegni";"spese"
"consuntivo";"5";"quadro-5-a-impegni";"centrale del latte";"";"servizi produttivi";"impegni";"spese"
"consuntivo";"5";"quadro-5-a-impegni";"distribuzione energia elettrica";"";"servizi produttivi";"impegni";"spese"
"consuntivo";"5";"quadro-5-a-impegni";"distribuzione gas";"";"servizi produttivi";"impegni";"spese"
"consuntivo";"5";"quadro-5-a-impegni";"edilizia residenziale pubblica e locale e piani di edilizia economico-popolare";"edilizia pubblica";"ambiente e territorio";"impegni";"spese"
"consuntivo";"5";"quadro-5-a-impegni";"farmacie";"";"servizi produttivi";"impegni";"spese"
"consuntivo";"5";"quadro-5-a-impegni";"fiere, mercati e servizi connessi";"fiere e mercati";"sviluppo economico";"impegni";"spese"
"consuntivo";"5";"quadro-5-a-impegni";"funzioni di istruzione pubblica. di cui:";"";"totale istruzione";"impegni";"spese"
"consuntivo";"5";"quadro-5-a-impegni";"funzioni di polizia locale. di cui:";"";"totale polizia";"impegni";"spese"
"consuntivo";"5";"quadro-5-a-impegni";"funzioni generali di amministrazione di gestione e di controllo. di cui:";"";"totale amministrazione";"impegni";"spese"
"consuntivo";"5";"quadro-5-a-impegni";"funzioni nel campo della viabilità e dei trasporti. di cui:";"";"totale viabilità e trasporti";"impegni";"spese"
"consuntivo";"5";"quadro-5-a-impegni";"funzioni nel campo dello sviluppo economico";"";"totale svluppo economico";"impegni";"spese"
"consuntivo";"5";"quadro-5-a-impegni";"funzioni nel campo turistico";"";"totale turismo";"impegni";"spese"
"consuntivo";"5";"quadro-5-a-impegni";"funzioni nel settore sociale. di cui:";"";"totale sociale";"impegni";"spese"
"consuntivo";"5";"quadro-5-a-impegni";"funzioni nel settore sportivo e ricreativo. di cui:";"";"totale sport";"impegni";"spese"
"consuntivo";"5";"quadro-5-a-impegni";"funzioni relative a servizi produttivi";"";"totale servizi produttivi";"impegni";"spese"
"consuntivo";"5";"quadro-5-a-impegni";"funzioni relative alla cultura ed ai beni culturali. di cui:";"";"totale cultura";"impegni";"spese"
"consuntivo";"5";"quadro-5-a-impegni";"funzioni relative alla giustizia";"";"totale giustizia";"impegni";"spese"
"consuntivo";"5";"quadro-5-a-impegni";"funzioni riguardanti la gestione del territorio e dell'ambiente. di cui:";"";"totale territorio e ambiente";"impegni";"spese"
"consuntivo";"5";"quadro-5-a-impegni";"gestione dei beni demaniali e patrimoniali";"amministrazione - altro";"amministrazione";"impegni";"spese"
"consuntivo";"5";"quadro-5-a-impegni";"gestione delle entrate tributarie e servizi fiscali";"amministrazione - altro";"amministrazione";"impegni";"spese"
"consuntivo";"5";"quadro-5-a-impegni";"gestione economica, finanziaria, programmazione, provveditorato e controllo di gestione";"amministrazione - altro";"amministrazione";"impegni";"spese"
"consuntivo";"5";"quadro-5-a-impegni";"illuminazione pubblica e servizi connessi";"illuminazione";"viabilità e trasporti";"impegni";"spese"
"consuntivo";"5";"quadro-5-a-impegni";"indennità per gli organi istituzionali degli enti";"organi istituzionali";"amministrazione";"impegni";"spese"
"consuntivo";"5";"quadro-5-a-impegni";"istruzione elementare";"istruzione elementare";"istruzione";"impegni";"spese"
"consuntivo";"5";"quadro-5-a-impegni";"istruzione media";"istruzione media";"istruzione";"impegni";"spese"
"consuntivo";"5";"quadro-5-a-impegni";"istruzione secondaria superiore";"istruzione secondaria superiore";"istruzione";"impegni";"spese"
"consuntivo";"5";"quadro-5-a-impegni";"l'arrotondamento  � effettuato per difetto qualora la prima cifra decimale sia inferiore a cinque.";"";"";"";""
"consuntivo";"5";"quadro-5-a-impegni";"l'arrotondamento dell'ultima unit� � effettuato per eccesso qualora la prima cifra decimale sia superiore o uguale a cinque;";"";"";"";""
"consuntivo";"5";"quadro-5-a-impegni";"manifestazioni diverse nel settore sportivo e ricreativo";"manifestazioni sportive";"sport";"impegni";"spese"
"consuntivo";"5";"quadro-5-a-impegni";"manifestazioni turistiche";"";"turismo";"impegni";"spese"
"consuntivo";"5";"quadro-5-a-impegni";"mattatoio e servizi connessi";"mattatoio";"sviluppo economico";"impegni";"spese"
"consuntivo";"5";"quadro-5-a-impegni";"organi istituzionali, partecipazione e decentramento";"organi istituzionali";"amministrazione";"impegni";"spese"
"consuntivo";"5";"quadro-5-a-impegni";"parchi e servizi per la tutela ambientale del verde";"parchi";"ambiente e territorio";"impegni";"spese"
"consuntivo";"5";"quadro-5-a-impegni";"piscine comunali";"piscine comunali";"sport";"impegni";"spese"
"consuntivo";"5";"quadro-5-a-impegni";"polizia amministrativa";"";"polizia";"impegni";"spese"
"consuntivo";"5";"quadro-5-a-impegni";"polizia commerciale";"";"polizia";"impegni";"spese"
"consuntivo";"5";"quadro-5-a-impegni";"polizia municipale";"";"polizia";"impegni";"spese"
"consuntivo";"5";"quadro-5-a-impegni";"scuola materna";"scuola materna";"istruzione";"impegni";"spese"
"consuntivo";"5";"quadro-5-a-impegni";"segreteria generale, personale e organizzazione";"amministrazione - altro";"amministrazione";"impegni";"spese"
"consuntivo";"5";"quadro-5-a-impegni";"servizi di prevenzione e riabilitazione";"prevenzione e riabilitazione";"sociale";"impegni";"spese"
"consuntivo";"5";"quadro-5-a-impegni";"servizi relativi al commercio";"servizi per commercio";"sviluppo economico";"impegni";"spese"
"consuntivo";"5";"quadro-5-a-impegni";"servizi relativi all'agricoltura";"servizi per agricoltura";"sviluppo economico";"impegni";"spese"
"consuntivo";"5";"quadro-5-a-impegni";"servizi relativi all'artigianato";"servizi per artigianato";"sviluppo economico";"impegni";"spese"
"consuntivo";"5";"quadro-5-a-impegni";"servizi relativi all'industria";"servizi per industria";"sviluppo economico";"impegni";"spese"
"consuntivo";"5";"quadro-5-a-impegni";"servizi turistici";"";"turismo";"impegni";"spese"
"consuntivo";"5";"quadro-5-a-impegni";"servizio di protezione civile";"protezione civile";"ambiente e territorio";"impegni";"spese"
"consuntivo";"5";"quadro-5-a-impegni";"servizio idrico integrato";"servizio idrico";"ambiente e territorio";"impegni";"spese"
"consuntivo";"5";"quadro-5-a-impegni";"servizio necroscopico e cimiteriale";"cimiteri";"sociale";"impegni";"spese"
"consuntivo";"5";"quadro-5-a-impegni";"servizio smaltimento rifiuti";"rifiuti";"territorio e ambiente";"impegni";"spese"
"consuntivo";"5";"quadro-5-a-impegni";"stadio comunale, palazzo dello sport ed altri impianti";"stadio e impianti";"sport";"impegni";"spese"
"consuntivo";"5";"quadro-5-a-impegni";"strutture residenziali e di ricovero per anziani";"residenze anziani";"sociale";"impegni";"spese"
"consuntivo";"5";"quadro-5-a-impegni";"teatri, attività culturali e servizi diversi nel settore culturale";"teatri";"cultura";"impegni";"spese"
"consuntivo";"5";"quadro-5-a-impegni";"teleriscaldamento";"";"servizi produttivi";"impegni";"spese"
"consuntivo";"5";"quadro-5-a-impegni";"totali";"";"totale generale funzioni";"impegni";"spese"
"consuntivo";"5";"quadro-5-a-impegni";"trasporti pubblici locali e servizi connessi";"trasporti pubblici";"viabilità e trasporti";"impegni";"spese"
"consuntivo";"5";"quadro-5-a-impegni";"uffici giudiziari";"";"giustizia";"impegni";"spese"
"consuntivo";"5";"quadro-5-a-impegni";"ufficio tecnico";"amministrazione - altro";"amministrazione";"impegni";"spese"
"consuntivo";"5";"quadro-5-a-impegni";"urbanistica e gestione del territorio";"urbanistica e territorio";"territorio e ambiente";"impegni";"spese"
"consuntivo";"5";"quadro-5-a-impegni";"viabilità, circolazione stradale e servizi connessi";"viabilità";"viabilità e trasporti";"impegni";"spese"
"consuntivo";"5";"quadro-5-b-pagamenti-in-conto-competenza";"( n.c.) il campo deve contenere un valore e pertanto risulta non compilato dall'ente";"";"";"";""
"consuntivo";"5";"quadro-5-b-pagamenti-in-conto-competenza";"(1) gli importi vanno riportati con due zero dopo la virgola.";"";"";"";""
"consuntivo";"5";"quadro-5-b-pagamenti-in-conto-competenza";"affissioni e pubblicità";"affissioni e pubblicità";"sviluppo economico";"pagamenti in conto competenza";"spese"
"consuntivo";"5";"quadro-5-b-pagamenti-in-conto-competenza";"altri servizi generali";"amministrazione - altro";"amministrazione";"pagamenti in conto competenza";"spese"
"consuntivo";"5";"quadro-5-b-pagamenti-in-conto-competenza";"altri servizi produttivi";"amministrazione - altro";"amministrazione";"pagamenti in conto competenza";"spese"
"consuntivo";"5";"quadro-5-b-pagamenti-in-conto-competenza";"anagrafe, stato civile, elettorale, leva e servizio statistico";"amministrazione - altro";"amministrazione";"pagamenti in conto competenza";"spese"
"consuntivo";"5";"quadro-5-b-pagamenti-in-conto-competenza";"asili nido, servizi per l'infanzia e per i minori";"asili nido";"sociale";"pagamenti in conto competenza";"spese"
"consuntivo";"5";"quadro-5-b-pagamenti-in-conto-competenza";"assistenza scolastica, trasporto, refezione e altri servizi";"assistenza, trasporto, mense";"istruzione";"pagamenti in conto competenza";"spese"
"consuntivo";"5";"quadro-5-b-pagamenti-in-conto-competenza";"assistenza, beneficenza pubblica e servizi diversi alla persona";"assistenza e beneficenza";"sociale";"pagamenti in conto competenza";"spese"
"consuntivo";"5";"quadro-5-b-pagamenti-in-conto-competenza";"biblioteche, musei e pinacoteche";"biblioteche e musei";"cultura";"pagamenti in conto competenza";"spese"
"consuntivo";"5";"quadro-5-b-pagamenti-in-conto-competenza";"casa circondariale e altri servizi";"";"giustizia";"pagamenti in conto competenza";"spese"
"consuntivo";"5";"quadro-5-b-pagamenti-in-conto-competenza";"centrale del latte";"";"servizi produttivi";"pagamenti in conto competenza";"spese"
"consuntivo";"5";"quadro-5-b-pagamenti-in-conto-competenza";"distribuzione energia elettrica";"";"servizi produttivi";"pagamenti in conto competenza";"spese"
"consuntivo";"5";"quadro-5-b-pagamenti-in-conto-competenza";"distribuzione gas";"";"servizi produttivi";"pagamenti in conto competenza";"spese"
"consuntivo";"5";"quadro-5-b-pagamenti-in-conto-competenza";"edilizia residenziale pubblica e locale e piani di edilizia economico-popolare";"edilizia pubblica";"ambiente e territorio";"pagamenti in conto competenza";"spese"
"consuntivo";"5";"quadro-5-b-pagamenti-in-conto-competenza";"farmacie";"";"servizi produttivi";"pagamenti in conto competenza";"spese"
"consuntivo";"5";"quadro-5-b-pagamenti-in-conto-competenza";"fiere, mercati e servizi connessi";"fiere e mercati";"sviluppo economico";"pagamenti in conto competenza";"spese"
"consuntivo";"5";"quadro-5-b-pagamenti-in-conto-competenza";"funzioni di istruzione pubblica. di cui:";"";"totale istruzione";"pagamenti in conto competenza";"spese"
"consuntivo";"5";"quadro-5-b-pagamenti-in-conto-competenza";"funzioni di polizia locale. di cui:";"";"totale polizia";"pagamenti in conto competenza";"spese"
"consuntivo";"5";"quadro-5-b-pagamenti-in-conto-competenza";"funzioni generali di amministrazione di gestione e di controllo. di cui:";"";"totale amministrazione";"pagamenti in conto competenza";"spese"
"consuntivo";"5";"quadro-5-b-pagamenti-in-conto-competenza";"funzioni nel campo della viabilità e dei trasporti. di cui:";"";"totale viabilità e trasporti";"pagamenti in conto competenza";"spese"
"consuntivo";"5";"quadro-5-b-pagamenti-in-conto-competenza";"funzioni nel campo dello sviluppo economico";"";"totale svluppo economico";"pagamenti in conto competenza";"spese"
"consuntivo";"5";"quadro-5-b-pagamenti-in-conto-competenza";"funzioni nel campo turistico";"";"totale turismo";"pagamenti in conto competenza";"spese"
"consuntivo";"5";"quadro-5-b-pagamenti-in-conto-competenza";"funzioni nel settore sociale. di cui:";"";"totale sociale";"pagamenti in conto competenza";"spese"
"consuntivo";"5";"quadro-5-b-pagamenti-in-conto-competenza";"funzioni nel settore sportivo e ricreativo. di cui:";"";"totale sport";"pagamenti in conto competenza";"spese"
"consuntivo";"5";"quadro-5-b-pagamenti-in-conto-competenza";"funzioni relative a servizi produttivi";"";"totale servizi produttivi";"pagamenti in conto competenza";"spese"
"consuntivo";"5";"quadro-5-b-pagamenti-in-conto-competenza";"funzioni relative alla cultura ed ai beni culturali. di cui:";"";"totale cultura";"pagamenti in conto competenza";"spese"
"consuntivo";"5";"quadro-5-b-pagamenti-in-conto-competenza";"funzioni relative alla giustizia";"";"totale giustizia";"pagamenti in conto competenza";"spese"
"consuntivo";"5";"quadro-5-b-pagamenti-in-conto-competenza";"funzioni riguardanti la gestione del territorio e dell'ambiente. di cui:";"";"totale territorio e ambiente";"pagamenti in conto competenza";"spese"
"consuntivo";"5";"quadro-5-b-pagamenti-in-conto-competenza";"gestione dei beni demaniali e patrimoniali";"amministrazione - altro";"amministrazione";"pagamenti in conto competenza";"spese"
"consuntivo";"5";"quadro-5-b-pagamenti-in-conto-competenza";"gestione delle entrate tributarie e servizi fiscali";"amministrazione - altro";"amministrazione";"pagamenti in conto competenza";"spese"
"consuntivo";"5";"quadro-5-b-pagamenti-in-conto-competenza";"gestione economica, finanziaria, programmazione, provveditorato e controllo di gestione";"amministrazione - altro";"amministrazione";"pagamenti in conto competenza";"spese"
"consuntivo";"5";"quadro-5-b-pagamenti-in-conto-competenza";"illuminazione pubblica e servizi connessi";"illuminazione";"viabilità e trasporti";"pagamenti in conto competenza";"spese"
"consuntivo";"5";"quadro-5-b-pagamenti-in-conto-competenza";"indennità per gli organi istituzionali degli enti";"organi istituzionali";"amministrazione";"pagamenti in conto competenza";"spese"
"consuntivo";"5";"quadro-5-b-pagamenti-in-conto-competenza";"istruzione elementare";"istruzione elementare";"istruzione";"pagamenti in conto competenza";"spese"
"consuntivo";"5";"quadro-5-b-pagamenti-in-conto-competenza";"istruzione media";"istruzione media";"istruzione";"pagamenti in conto competenza";"spese"
"consuntivo";"5";"quadro-5-b-pagamenti-in-conto-competenza";"istruzione secondaria superiore";"istruzione secondaria superiore";"istruzione";"pagamenti in conto competenza";"spese"
"consuntivo";"5";"quadro-5-b-pagamenti-in-conto-competenza";"l'arrotondamento  � effettuato per difetto qualora la prima cifra decimale sia inferiore a cinque.";"";"";"";""
"consuntivo";"5";"quadro-5-b-pagamenti-in-conto-competenza";"l'arrotondamento dell'ultima unit� � effettuato per eccesso qualora la prima cifra decimale sia superiore o uguale a cinque;";"";"";"";""
"consuntivo";"5";"quadro-5-b-pagamenti-in-conto-competenza";"manifestazioni diverse nel settore sportivo e ricreativo";"manifestazioni sportive";"sport";"pagamenti in conto competenza";"spese"
"consuntivo";"5";"quadro-5-b-pagamenti-in-conto-competenza";"manifestazioni turistiche";"";"turismo";"pagamenti in conto competenza";"spese"
"consuntivo";"5";"quadro-5-b-pagamenti-in-conto-competenza";"mattatoio e servizi connessi";"mattatoio";"sviluppo economico";"pagamenti in conto competenza";"spese"
"consuntivo";"5";"quadro-5-b-pagamenti-in-conto-competenza";"organi istituzionali, partecipazione e decentramento";"organi istituzionali";"amministrazione";"pagamenti in conto competenza";"spese"
"consuntivo";"5";"quadro-5-b-pagamenti-in-conto-competenza";"parchi e servizi per la tutela ambientale del verde";"parchi";"ambiente e territorio";"pagamenti in conto competenza";"spese"
"consuntivo";"5";"quadro-5-b-pagamenti-in-conto-competenza";"piscine comunali";"piscine comunali";"sport";"pagamenti in conto competenza";"spese"
"consuntivo";"5";"quadro-5-b-pagamenti-in-conto-competenza";"polizia amministrativa";"";"polizia";"pagamenti in conto competenza";"spese"
"consuntivo";"5";"quadro-5-b-pagamenti-in-conto-competenza";"polizia commerciale";"";"polizia";"pagamenti in conto competenza";"spese"
"consuntivo";"5";"quadro-5-b-pagamenti-in-conto-competenza";"polizia municipale";"";"polizia";"pagamenti in conto competenza";"spese"
"consuntivo";"5";"quadro-5-b-pagamenti-in-conto-competenza";"scuola materna";"scuola materna";"istruzione";"pagamenti in conto competenza";"spese"
"consuntivo";"5";"quadro-5-b-pagamenti-in-conto-competenza";"segreteria generale, personale e organizzazione";"amministrazione - altro";"amministrazione";"pagamenti in conto competenza";"spese"
"consuntivo";"5";"quadro-5-b-pagamenti-in-conto-competenza";"servizi relativi al commercio";"servizi per commercio";"sviluppo economico";"pagamenti in conto competenza";"spese"
"consuntivo";"5";"quadro-5-b-pagamenti-in-conto-competenza";"servizi relativi all'agricoltura";"servizi per agricoltura";"sviluppo economico";"pagamenti in conto competenza";"spese"
"consuntivo";"5";"quadro-5-b-pagamenti-in-conto-competenza";"servizi relativi all'artigianato";"servizi per artigianato";"sviluppo economico";"pagamenti in conto competenza";"spese"
"consuntivo";"5";"quadro-5-b-pagamenti-in-conto-competenza";"servizi relativi all'industria";"servizi per industria";"sviluppo economico";"pagamenti in conto competenza";"spese"
"consuntivo";"5";"quadro-5-b-pagamenti-in-conto-competenza";"servizi turistici";"";"turismo";"pagamenti in conto competenza";"spese"
"consuntivo";"5";"quadro-5-b-pagamenti-in-conto-competenza";"servizio di prevenzione e riabilitazione";"prevenzione e riabilitazione";"sociale";"pagamenti in conto competenza";"spese"
"consuntivo";"5";"quadro-5-b-pagamenti-in-conto-competenza";"servizio di protezione civile";"protezione civile";"ambiente e territorio";"pagamenti in conto competenza";"spese"
"consuntivo";"5";"quadro-5-b-pagamenti-in-conto-competenza";"servizio idrico integrato";"servizio idrico";"ambiente e territorio";"pagamenti in conto competenza";"spese"
"consuntivo";"5";"quadro-5-b-pagamenti-in-conto-competenza";"servizio necroscopico e cimiteriale";"cimiteri";"sociale";"pagamenti in conto competenza";"spese"
"consuntivo";"5";"quadro-5-b-pagamenti-in-conto-competenza";"servizio smaltimento rifiuti";"rifiuti";"territorio e ambiente";"pagamenti in conto competenza";"spese"
"consuntivo";"5";"quadro-5-b-pagamenti-in-conto-competenza";"stadio comunale, palazzo dello sport ed altri impianti";"stadio e impianti";"sport";"pagamenti in conto competenza";"spese"
"consuntivo";"5";"quadro-5-b-pagamenti-in-conto-competenza";"strutture residenziali e di ricovero per anziani";"residenze anziani";"sociale";"pagamenti in conto competenza";"spese"
"consuntivo";"5";"quadro-5-b-pagamenti-in-conto-competenza";"teatri, attività culturali e servizi diversi nel settore culturale";"teatri";"cultura";"pagamenti in conto competenza";"spese"
"consuntivo";"5";"quadro-5-b-pagamenti-in-conto-competenza";"teleriscaldamento";"";"servizi produttivi";"pagamenti in conto competenza";"spese"
"consuntivo";"5";"quadro-5-b-pagamenti-in-conto-competenza";"totali";"";"totale generale funzioni";"pagamenti in conto competenza";"spese"
"consuntivo";"5";"quadro-5-b-pagamenti-in-conto-competenza";"trasporti pubblici locali e servizi connessi";"trasporti pubblici";"viabilità e trasporti";"pagamenti in conto competenza";"spese"
"consuntivo";"5";"quadro-5-b-pagamenti-in-conto-competenza";"uffici giudiziari";"";"giustizia";"pagamenti in conto competenza";"spese"
"consuntivo";"5";"quadro-5-b-pagamenti-in-conto-competenza";"ufficio tecnico";"amministrazione - altro";"amministrazione";"pagamenti in conto competenza";"spese"
"consuntivo";"5";"quadro-5-b-pagamenti-in-conto-competenza";"urbanistica e gestione del territorio";"urbanistica e territorio";"territorio e ambiente";"pagamenti in conto competenza";"spese"
"consuntivo";"5";"quadro-5-b-pagamenti-in-conto-competenza";"viabilità, circolazione stradale e servizi connessi";"viabilità";"viabilità e trasporti";"pagamenti in conto competenza";"spese"
"consuntivo";"5";"quadro-5-c-pagamenti-in-conto-residui";"( n.c.) il campo deve contenere un valore e pertanto risulta non compilato dall'ente";"";"";"";""
"consuntivo";"5";"quadro-5-c-pagamenti-in-conto-residui";"(1) gli importi vanno riportati con due zero dopo la virgola.";"";"";"";""
"consuntivo";"5";"quadro-5-c-pagamenti-in-conto-residui";"anagrafe, stato civile, elettorale, leva e servizio statistico";"amministrazione - altro";"amministrazione";"pagamenti in conto residui";"spese"
"consuntivo";"5";"quadro-5-c-pagamenti-in-conto-residui";"asili nido, servizi per l'infanzia e per i minori";"asili nido";"sociale";"pagamenti in conto residui";"spese"
"consuntivo";"5";"quadro-5-c-pagamenti-in-conto-residui";"assistenza scolastica, trasporto, refezione e altri servizi";"assistenza, trasporto, mense";"istruzione";"pagamenti in conto residui";"spese"
"consuntivo";"5";"quadro-5-c-pagamenti-in-conto-residui";"assistenza, beneficenza pubblica e servizi diversi alla persona";"assistenza e beneficenza";"sociale";"pagamenti in conto residui";"spese"
"consuntivo";"5";"quadro-5-c-pagamenti-in-conto-residui";"biblioteche, musei e pinacoteche";"biblioteche e musei";"cultura";"pagamenti in conto residui";"spese"
"consuntivo";"5";"quadro-5-c-pagamenti-in-conto-residui";"edilizia residenziale pubblica e locale e piani di edilizia economico-popolare";"edilizia pubblica";"ambiente e territorio";"pagamenti in conto residui";"spese"
"consuntivo";"5";"quadro-5-c-pagamenti-in-conto-residui";"funzioni di istruzione pubblica. di cui:";"";"totale istruzione";"pagamenti in conto residui";"spese"
"consuntivo";"5";"quadro-5-c-pagamenti-in-conto-residui";"funzioni di polizia locale. di cui:";"";"totale polizia";"pagamenti in conto residui";"spese"
"consuntivo";"5";"quadro-5-c-pagamenti-in-conto-residui";"funzioni generali di amministrazione di gestione e di controllo. di cui:";"";"totale amministrazione";"pagamenti in conto residui";"spese"
"consuntivo";"5";"quadro-5-c-pagamenti-in-conto-residui";"funzioni nel campo della viabilità e dei trasporti. di cui:";"";"totale viabilità e trasporti";"pagamenti in conto residui";"spese"
"consuntivo";"5";"quadro-5-c-pagamenti-in-conto-residui";"funzioni nel campo dello sviluppo economico";"";"totale svluppo economico";"pagamenti in conto residui";"spese"
"consuntivo";"5";"quadro-5-c-pagamenti-in-conto-residui";"funzioni nel campo turistico";"";"totale turismo";"pagamenti in conto residui";"spese"
"consuntivo";"5";"quadro-5-c-pagamenti-in-conto-residui";"funzioni nel settore sociale. di cui:";"";"totale sociale";"pagamenti in conto residui";"spese"
"consuntivo";"5";"quadro-5-c-pagamenti-in-conto-residui";"funzioni nel settore sportivo e ricreativo. di cui:";"";"totale sport";"pagamenti in conto residui";"spese"
"consuntivo";"5";"quadro-5-c-pagamenti-in-conto-residui";"funzioni relative a servizi produttivi";"";"totale servizi produttivi";"pagamenti in conto residui";"spese"
"consuntivo";"5";"quadro-5-c-pagamenti-in-conto-residui";"funzioni relative alla cultura ed ai beni culturali. di cui:";"";"totale cultura";"pagamenti in conto residui";"spese"
"consuntivo";"5";"quadro-5-c-pagamenti-in-conto-residui";"funzioni relative alla giustizia";"";"totale giustizia";"pagamenti in conto residui";"spese"
"consuntivo";"5";"quadro-5-c-pagamenti-in-conto-residui";"funzioni riguardanti la gestione del territorio e dell'ambiente. di cui:";"";"totale territorio e ambiente";"pagamenti in conto residui";"spese"
"consuntivo";"5";"quadro-5-c-pagamenti-in-conto-residui";"gestione dei beni demaniali e patrimoniali";"amministrazione - altro";"amministrazione";"pagamenti in conto residui";"spese"
"consuntivo";"5";"quadro-5-c-pagamenti-in-conto-residui";"gestione delle entrate tributarie e servizi fiscali";"amministrazione - altro";"amministrazione";"pagamenti in conto residui";"spese"
"consuntivo";"5";"quadro-5-c-pagamenti-in-conto-residui";"gestione economica, finanziaria, programmazione, provveditorato e controllo di gestione";"amministrazione - altro";"amministrazione";"pagamenti in conto residui";"spese"
"consuntivo";"5";"quadro-5-c-pagamenti-in-conto-residui";"illuminazione pubblica e servizi connessi";"illuminazione";"viabilità e trasporti";"pagamenti in conto residui";"spese"
"consuntivo";"5";"quadro-5-c-pagamenti-in-conto-residui";"istruzione elementare";"istruzione elementare";"istruzione";"pagamenti in conto residui";"spese"
"consuntivo";"5";"quadro-5-c-pagamenti-in-conto-residui";"istruzione media";"istruzione media";"istruzione";"pagamenti in conto residui";"spese"
"consuntivo";"5";"quadro-5-c-pagamenti-in-conto-residui";"l'arrotondamento  � effettuato per difetto qualora la prima cifra decimale sia inferiore a cinque.";"";"";"";""
"consuntivo";"5";"quadro-5-c-pagamenti-in-conto-residui";"l'arrotondamento dell'ultima unit� � effettuato per eccesso qualora la prima cifra decimale sia superiore o uguale a cinque;";"";"";"";""
"consuntivo";"5";"quadro-5-c-pagamenti-in-conto-residui";"organi istituzionali, partecipazione e decentramento";"organi istituzionali";"amministrazione";"pagamenti in conto residui";"spese"
"consuntivo";"5";"quadro-5-c-pagamenti-in-conto-residui";"piscine comunali";"piscine comunali";"sport";"pagamenti in conto residui";"spese"
"consuntivo";"5";"quadro-5-c-pagamenti-in-conto-residui";"polizia municipale";"";"polizia";"pagamenti in conto residui";"spese"
"consuntivo";"5";"quadro-5-c-pagamenti-in-conto-residui";"scuola materna";"scuola materna";"istruzione";"pagamenti in conto residui";"spese"
"consuntivo";"5";"quadro-5-c-pagamenti-in-conto-residui";"segreteria generale, personale e organizzazione";"amministrazione - altro";"amministrazione";"pagamenti in conto residui";"spese"
"consuntivo";"5";"quadro-5-c-pagamenti-in-conto-residui";"servizio idrico integrato";"servizio idrico";"ambiente e territorio";"pagamenti in conto residui";"spese"
"consuntivo";"5";"quadro-5-c-pagamenti-in-conto-residui";"servizio necroscopico e cimiteriale";"cimiteri";"sociale";"pagamenti in conto residui";"spese"
"consuntivo";"5";"quadro-5-c-pagamenti-in-conto-residui";"servizio smaltimento rifiuti";"rifiuti";"territorio e ambiente";"pagamenti in conto residui";"spese"
"consuntivo";"5";"quadro-5-c-pagamenti-in-conto-residui";"stadio comunale, palazzo dello sport ed altri impianti";"stadio e impianti";"sport";"pagamenti in conto residui";"spese"
"consuntivo";"5";"quadro-5-c-pagamenti-in-conto-residui";"strutture residenziali e di ricovero per anziani";"residenze anziani";"sociale";"pagamenti in conto residui";"spese"
"consuntivo";"5";"quadro-5-c-pagamenti-in-conto-residui";"totali";"";"totale generale funzioni";"pagamenti in conto residui";"spese"
"consuntivo";"5";"quadro-5-c-pagamenti-in-conto-residui";"ufficio tecnico";"amministrazione - altro";"amministrazione";"pagamenti in conto residui";"spese"
"consuntivo";"5";"quadro-5-c-pagamenti-in-conto-residui";"urbanistica e gestione del territorio";"urbanistica e territorio";"territorio e ambiente";"pagamenti in conto residui";"spese"
"consuntivo";"5";"quadro-5-c-pagamenti-in-conto-residui";"viabilità, circolazione stradale e servizi connessi";"Viabilità";"Viabilità e trasporti";"pagamenti in conto residui";"spese"
