"preventivo";"1";"quadro-1-si-certificatipo-delibera";"";"";"";"";""
"preventivo";"1";"quadro-1-si-certificatipo-delibera";"(2) il valore 1 indica che la deliberazione viene assunta con atto del consiglio comunale;";"";"";"";""
"preventivo";"1";"quadro-1-si-certificatipo-delibera";"(3) modifica apportata con decreto ministeriale del 16 aprile 2009 pubblicato nella gu n.97 del 28/04/2009.";"";"";"";""
"preventivo";"1";"quadro-1-si-certificatipo-delibera";"deliberato con atto";"";"";"";""
"preventivo";"1";"quadro-1-si-certificatipo-delibera";"deliberato con atto (2)";"";"";"";""
"preventivo";"1";"quadro-1-si-certificatipo-delibera";"deliberato con atto (2)  (3)";"";"";"";""
"preventivo";"1";"quadro-1-si-certificatipo-delibera";"il valore 2 indica che la deliberazione viene assunta con atto del commissario straordinario;";"";"";"";""
"preventivo";"1";"quadro-1-si-certificatipo-delibera";"il valore 3 indica che la deliberazione viene assunta con atto del commissario prefettizio;";"";"";"";""
"preventivo";"1";"quadro-1-si-certificatipo-delibera";"il valore 4 indica che la deliberazione viene assunta con atto della commissione straordinaria;";"";"";"";""
"preventivo";"1";"quadro-1-si-certificatipo-delibera";"  il valore 2 indica che la deliberazione viene assunta con atto del commissario straordinario;";"";"";"";""
"preventivo";"1";"quadro-1-si-certificatipo-delibera";"  il valore 3 indica che la deliberazione viene assunta con atto del commissario prefettizio;";"";"";"";""
"preventivo";"1";"quadro-1-si-certificatipo-delibera";"  il valore 4 indica che la deliberazione viene assunta con atto della commissione straordinaria;";"";"";"";""
"preventivo";"1";"quadro-1-situazione-riassuntiva-entrate";"";"";"";"";""
"preventivo";"1";"quadro-1-situazione-riassuntiva-entrate";"alienazione ecc.";"";"";"";""
"preventivo";"1";"quadro-1-situazione-riassuntiva-entrate";"assunzione di prestiti";"";"";"";""
"preventivo";"1";"quadro-1-situazione-riassuntiva-entrate";"avanzo di amministrazione";"";"";"avanzo di amministrazione";"entrate"
"preventivo";"1";"quadro-1-situazione-riassuntiva-entrate";"contributi e trasferimenti";"";"";"";""
"preventivo";"1";"quadro-1-situazione-riassuntiva-entrate";"extratributarie";"";"";"";""
"preventivo";"1";"quadro-1-situazione-riassuntiva-entrate";"servizi per conto terzi";"";"";"";""
"preventivo";"1";"quadro-1-situazione-riassuntiva-entrate";"totali";"";"";"";""
"preventivo";"1";"quadro-1-situazione-riassuntiva-entrate";"tributarie";"";"";"";""
"preventivo";"1";"quadro-1-situazione-riassuntiva-spese";"";"";"";"";""
"preventivo";"1";"quadro-1-situazione-riassuntiva-spese";"conto capitale";"";"";"";""
"preventivo";"1";"quadro-1-situazione-riassuntiva-spese";"conto capitale ivi compresa quota relativa fondo pluriennale vincolato
";"";"";"";""
"preventivo";"1";"quadro-1-situazione-riassuntiva-spese";"correnti";"";"";"";""
"preventivo";"1";"quadro-1-situazione-riassuntiva-spese";"correnti ivi compresa quota relativa fondo pluriennale vincolato";"";"";"";""
"preventivo";"1";"quadro-1-situazione-riassuntiva-spese";"disavanzo di amministrazione";"";"";"disavanzo di amministrazione";"spese"
"preventivo";"1";"quadro-1-situazione-riassuntiva-spese";"rimborso di prestiti";"";"";"";""
"preventivo";"1";"quadro-1-situazione-riassuntiva-spese";"servizi per conto terzi";"";"";"";""
"preventivo";"1";"quadro-1-situazione-riassuntiva-spese";"totali";"";"";"";""
"preventivo";"2";"quadro-2-bis-aliquote-e-tariffe";"";"";"";"";""
"preventivo";"2";"quadro-2-bis-aliquote-e-tariffe";"(*) modifica apportata con decreto ministeriale del 16 aprile 2009 pubblicato nella g.u. n.97 del 28 aprile 2009";"";"";"";""
"preventivo";"2";"quadro-2-bis-aliquote-e-tariffe";"(2) codice 1 : riscossione diretta";"";"";"";""
"preventivo";"2";"quadro-2-bis-aliquote-e-tariffe";"(2) il codice 1 sta per riscossione diretta";"";"";"";""
"preventivo";"2";"quadro-2-bis-aliquote-e-tariffe";"(3) indicare la tariffa relativa alla fattispecie prevalente per abitazione tenendo conto delle due componenti: quota fissa, rapportata alla superficie in mq.(cod. 2 252) e quota variabile rapportata al numero dei componenti del nucleo familiare (cod. 2 253). l'importo della tariffa va espresso in euro e  indicato  al cod. 2 255 - al cod. 2 252 e al codice 2 253 vanno indicati rispettivamente i mq. e il numero dei componenti il nucleo cui si riferisce la tariffa indicata.";"";"";"";""
"preventivo";"2";"quadro-2-bis-aliquote-e-tariffe";"addizionale irpef (%)";"";"";"";""
"preventivo";"2";"quadro-2-bis-aliquote-e-tariffe";"addizionale irpef - aliquota percentuale";"";"";"";""
"preventivo";"2";"quadro-2-bis-aliquote-e-tariffe";"addizionale irpef - aliquota percentuale (%)";"";"";"";""
"preventivo";"2";"quadro-2-bis-aliquote-e-tariffe";"addizionale irpef - forma di riscossione (2)";"";"";"";""
"preventivo";"2";"quadro-2-bis-aliquote-e-tariffe";"aliquota imu applicata su abitazione principale e pertinenze (%)";"";"";"";""
"preventivo";"2";"quadro-2-bis-aliquote-e-tariffe";"canone sulla pubblicità";"";"";"";""
"preventivo";"2";"quadro-2-bis-aliquote-e-tariffe";"canone sulla pubblicità - forma di riscossione  (2)";"";"";"";""
"preventivo";"2";"quadro-2-bis-aliquote-e-tariffe";"codice 2 : riscossione mediante aziende speciali";"";"";"";""
"preventivo";"2";"quadro-2-bis-aliquote-e-tariffe";"codice 3 : riscossione mediante s.p.a. o s.r.l. a prevalente capitale pubblico locale";"";"";"";""
"preventivo";"2";"quadro-2-bis-aliquote-e-tariffe";"codice 4 : riscossione mediante società miste";"";"";"";""
"preventivo";"2";"quadro-2-bis-aliquote-e-tariffe";"codice 5 : riscossione mediante concessionari";"";"";"";""
"preventivo";"2";"quadro-2-bis-aliquote-e-tariffe";"codice 6 : riscossione con altra fattispecie";"";"";"";""
"preventivo";"2";"quadro-2-bis-aliquote-e-tariffe";"cosap per fattispecie ordinaria (importo per 1 mq) -tariffa";"";"";"";""
"preventivo";"2";"quadro-2-bis-aliquote-e-tariffe";"cosap per fattispecie ordinaria (mq)";"";"";"";""
"preventivo";"2";"quadro-2-bis-aliquote-e-tariffe";"cosap per fattispecie ordinaria (mq) - forma di riscossione (2)";"";"";"";""
"preventivo";"2";"quadro-2-bis-aliquote-e-tariffe";"cosap per fattispecie ordinaria (mq) -tariffa";"";"";"";""
"preventivo";"2";"quadro-2-bis-aliquote-e-tariffe";"ici abitazione principale (%) per le categorie non escluse";"";"";"";""
"preventivo";"2";"quadro-2-bis-aliquote-e-tariffe";"ici abitazione principale per le categorie non escluse -aliquota percentuale";"";"";"";""
"preventivo";"2";"quadro-2-bis-aliquote-e-tariffe";"ici aliquota ordinaria (%)";"";"";"";""
"preventivo";"2";"quadro-2-bis-aliquote-e-tariffe";"ici ordinaria - aliquota percentuale";"";"";"";""
"preventivo";"2";"quadro-2-bis-aliquote-e-tariffe";"imposta comunale sulla pubblicità";"";"";"";""
"preventivo";"2";"quadro-2-bis-aliquote-e-tariffe";"imposta comunale sulla pubblicità - forma di riscossione  (2)";"";"";"";""
"preventivo";"2";"quadro-2-bis-aliquote-e-tariffe";"imu aliquota di base (%)";"";"";"";""
"preventivo";"2";"quadro-2-bis-aliquote-e-tariffe";"n.b. nel caso di tarsu o tia, tosap o cosap si richiede la tariffa per singolo mq solo per le fattispecie prevalenti (abitazione e fattispecie ordinaria). per l'imposta sulla pubblicità o il canone sulla pubblicità viene richiesto solo il dato circa la forma di riscossione.";"";"";"";""
"preventivo";"2";"quadro-2-bis-aliquote-e-tariffe";"n.b.: nel caso di tarsu o tia,tosap o cosap si riporta la tariffa solo per le fattispecie prevalenti";"";"";"";""
"preventivo";"2";"quadro-2-bis-aliquote-e-tariffe";"tarsu  per abitazione (mq) - forma di riscossione  (2)";"";"";"";""
"preventivo";"2";"quadro-2-bis-aliquote-e-tariffe";"tarsu per abitazione (importo per 1 mq) - tariffa";"";"";"";""
"preventivo";"2";"quadro-2-bis-aliquote-e-tariffe";"tarsu per abitazione (mq)";"";"";"";""
"preventivo";"2";"quadro-2-bis-aliquote-e-tariffe";"tarsu per abitazione (mq) - tariffa";"";"";"";""
"preventivo";"2";"quadro-2-bis-aliquote-e-tariffe";"tia  per abitazione (mq)";"";"";"";""
"preventivo";"2";"quadro-2-bis-aliquote-e-tariffe";"tia per abitazione (componenti familiari) (3)";"";"";"";""
"preventivo";"2";"quadro-2-bis-aliquote-e-tariffe";"tia per abitazione (mq) (3)";"";"";"";""
"preventivo";"2";"quadro-2-bis-aliquote-e-tariffe";"tia per abitazione (mq) - forma di riscossione (2)";"";"";"";""
"preventivo";"2";"quadro-2-bis-aliquote-e-tariffe";"tia per abitazione (mq) - tariffa";"";"";"";""
"preventivo";"2";"quadro-2-bis-aliquote-e-tariffe";"tia per abitazione(componenti familiari) (3)";"";"";"";""
"preventivo";"2";"quadro-2-bis-aliquote-e-tariffe";"tosap per fattispecie ordinaria (importo per 1 mq) - tariffa";"";"";"";""
"preventivo";"2";"quadro-2-bis-aliquote-e-tariffe";"tosap per fattispecie ordinaria (mq)";"";"";"";""
"preventivo";"2";"quadro-2-bis-aliquote-e-tariffe";"tosap per fattispecie ordinaria (mq) - forma di riscossione (2)";"";"";"";""
"preventivo";"2";"quadro-2-bis-aliquote-e-tariffe";"tosap per fattispecie ordinaria (mq) - tariffa";"";"";"";""
"preventivo";"2";"quadro-2-bis-aliquote-e-tariffe";"  (abitazione e fattispecie ordinaria). per l'imposta sulla pubblicità o il canone sulla pubblicità";"";"";"";""
"preventivo";"2";"quadro-2-bis-aliquote-e-tariffe";"  il codice 2 sta per riscossione mediante aziende speciali";"";"";"";""
"preventivo";"2";"quadro-2-bis-aliquote-e-tariffe";"  il codice 3 sta per riscossione mediante s.p.a o s.r.l a prevalente capitale pubblico locale";"";"";"";""
"preventivo";"2";"quadro-2-bis-aliquote-e-tariffe";"  il codice 4 sta per riscossione mediante società miste";"";"";"";""
"preventivo";"2";"quadro-2-bis-aliquote-e-tariffe";"  il codice 5 sta per riscossione mediante concessionari";"";"";"";""
"preventivo";"2";"quadro-2-bis-aliquote-e-tariffe";"  il codice 6  sta per riscossione con altra fattispecie";"";"";"";""
"preventivo";"2";"quadro-2-bis-aliquote-e-tariffe";"  viene riportato solo il dato circa la forma di riscossione";"";"";"";""
"preventivo";"2";"quadro-2-entrate-entrate-derivanti-da-accensioni-di-prestiti";"categoria 1^ - anticipazioni di cassa";"";"anticipazioni di cassa";"Prestiti";"ENTRATE"
"preventivo";"2";"quadro-2-entrate-entrate-derivanti-da-accensioni-di-prestiti";"categoria 2^ - finanziamenti a breve termine";"";"finanziamenti a breve termine";"Prestiti";"ENTRATE"
"preventivo";"2";"quadro-2-entrate-entrate-derivanti-da-accensioni-di-prestiti";"categoria 3^ - assunzioni di mutui e prestiti";"";"assunzioni di mutui e prestiti";"Prestiti";"ENTRATE"
"preventivo";"2";"quadro-2-entrate-entrate-derivanti-da-accensioni-di-prestiti";"categoria 4^ - emissioni di prestiti obbigazionari";"";"emissione di prestiti obbligazionari";"Prestiti";"ENTRATE"
"preventivo";"2";"quadro-2-entrate-entrate-derivanti-da-accensioni-di-prestiti";"totale titolo v";"";"TOTALE";"Prestiti";"ENTRATE"
"preventivo";"2";"quadro-2-entrate-entrate-derivanti-da-alienazione-da-trasferimenti-di-capitali-e-da-riscossioni-di-crediti";"";"";"";"";""
"preventivo";"2";"quadro-2-entrate-entrate-derivanti-da-alienazione-da-trasferimenti-di-capitali-e-da-riscossioni-di-crediti";"altri trasferimenti";"";"";"";""
"preventivo";"2";"quadro-2-entrate-entrate-derivanti-da-alienazione-da-trasferimenti-di-capitali-e-da-riscossioni-di-crediti";"categoria 1^ - alienazione di beni patrimoniali";"";"Alienazione del patrimonio";"Vendite e trasferimenti di capitali";"ENTRATE"
"preventivo";"2";"quadro-2-entrate-entrate-derivanti-da-alienazione-da-trasferimenti-di-capitali-e-da-riscossioni-di-crediti";"categoria 2^ - trasferimenti di capitali dallo stato";"";"Trasferimenti di capitali dallo Stato";"Vendite e trasferimenti di capitali";"ENTRATE"
"preventivo";"2";"quadro-2-entrate-entrate-derivanti-da-alienazione-da-trasferimenti-di-capitali-e-da-riscossioni-di-crediti";"categoria 3^ - trasferimenti da capitali dalla regione";"";"Trasferimenti di capitali dalla Regione";"Vendite e trasferimenti di capitali";"ENTRATE"
"preventivo";"2";"quadro-2-entrate-entrate-derivanti-da-alienazione-da-trasferimenti-di-capitali-e-da-riscossioni-di-crediti";"categoria 4^ - trasferimenti da capitali da altri enti del settore pubblico";"";"Trasferimenti di capitali da altri enti pubblici";"Vendite e trasferimenti di capitali";"ENTRATE"
"preventivo";"2";"quadro-2-entrate-entrate-derivanti-da-alienazione-da-trasferimenti-di-capitali-e-da-riscossioni-di-crediti";"categoria 5^ - trasferimenti di capitali da altri soggetti";"";"Trasferimenti di capitali da privati";"Vendite e trasferimenti di capitali";"ENTRATE"
"preventivo";"2";"quadro-2-entrate-entrate-derivanti-da-alienazione-da-trasferimenti-di-capitali-e-da-riscossioni-di-crediti";"categoria 6^ - riscossioni di crediti";"";"Riscossioni di crediti";"Vendite e trasferimenti di capitali";"ENTRATE"
"preventivo";"2";"quadro-2-entrate-entrate-derivanti-da-alienazione-da-trasferimenti-di-capitali-e-da-riscossioni-di-crediti";"entrate da permessi di costruire";"";"";"";""
"preventivo";"2";"quadro-2-entrate-entrate-derivanti-da-alienazione-da-trasferimenti-di-capitali-e-da-riscossioni-di-crediti";"totale titolo iv";"";"TOTALE";"Vendite e trasferimenti di capitali";"ENTRATE"
"preventivo";"2";"quadro-2-entrate-entrate-derivanti-da-contributi-e-trasferimenti-correnti-dello-stato-della-regione-e-di-altri-enti-pubblici-anche-in-rapporto-funzioni-delegate-dalla-regione";"";"";"";"";""
"preventivo";"2";"quadro-2-entrate-entrate-derivanti-da-contributi-e-trasferimenti-correnti-dello-stato-della-regione-e-di-altri-enti-pubblici-anche-in-rapporto-funzioni-delegate-dalla-regione";"(3) deve trattarsi di contributi attribuiti  per finanziare espressamente le spese di personale.";"";"";"";""
"preventivo";"2";"quadro-2-entrate-entrate-derivanti-da-contributi-e-trasferimenti-correnti-dello-stato-della-regione-e-di-altri-enti-pubblici-anche-in-rapporto-funzioni-delegate-dalla-regione";"(5) solo per i comuni della sicilia e della sardegna, in quanto per i comuni delle province autonome di trento e bolzano è prevista la voce 2126 mentre per le altre regioni a statuto speciale è prevista la voce 2112.";"";"";"";""
"preventivo";"2";"quadro-2-entrate-entrate-derivanti-da-contributi-e-trasferimenti-correnti-dello-stato-della-regione-e-di-altri-enti-pubblici-anche-in-rapporto-funzioni-delegate-dalla-regione";"(5) solo per i comuni della sicilia e della sardegna.";"";"";"";""
"preventivo";"2";"quadro-2-entrate-entrate-derivanti-da-contributi-e-trasferimenti-correnti-dello-stato-della-regione-e-di-altri-enti-pubblici-anche-in-rapporto-funzioni-delegate-dalla-regione";"(6) per i comuni delle regioni a statuto speciale.";"";"";"";""
"preventivo";"2";"quadro-2-entrate-entrate-derivanti-da-contributi-e-trasferimenti-correnti-dello-stato-della-regione-e-di-altri-enti-pubblici-anche-in-rapporto-funzioni-delegate-dalla-regione";"(7) ai sensi di tali disposizioni, alle regioni friuli venezia giulia e valle d'aosta, i finanziamenti vengono attribuiti ai comuni tramite i citati enti. tale previsione riguarda anche i comuni che ricadono nei territori di trento e bolzano per i quali la collocazione contabile del trasferimento va effettuata alla categoria 5° alla voce ""da altri enti"". tale collocazione contabile del contributo viene indicata per non introdurre un principio diverso da quello seguito ai fini siope (provenienza dell'erogazione), ma il trasferimento rimane statale nella sua natura e nell'effettiva provenienza.";"";"";"";""
"preventivo";"2";"quadro-2-entrate-entrate-derivanti-da-contributi-e-trasferimenti-correnti-dello-stato-della-regione-e-di-altri-enti-pubblici-anche-in-rapporto-funzioni-delegate-dalla-regione";"(7) trattasi di fattispecie già denominata ""fondo sviluppo investimenti"" e riconducibile - nell'applicazione del federalismo municipale - ai contributi erariali in essere sulle rate di ammortamento dei mutui ex all'art. 11 lettera e) della l.42/2009.";"";"";"";""
"preventivo";"2";"quadro-2-entrate-entrate-derivanti-da-contributi-e-trasferimenti-correnti-dello-stato-della-regione-e-di-altri-enti-pubblici-anche-in-rapporto-funzioni-delegate-dalla-regione";"5 per mille irpef destinato al sostegno delle attività sociali";"";"";"";""
"preventivo";"2";"quadro-2-entrate-entrate-derivanti-da-contributi-e-trasferimenti-correnti-dello-stato-della-regione-e-di-altri-enti-pubblici-anche-in-rapporto-funzioni-delegate-dalla-regione";"altri contributi dallo stato";"";"";"";""
"preventivo";"2";"quadro-2-entrate-entrate-derivanti-da-contributi-e-trasferimenti-correnti-dello-stato-della-regione-e-di-altri-enti-pubblici-anche-in-rapporto-funzioni-delegate-dalla-regione";"altri contributi statali erogati tramite le regioni";"";"";"";""
"preventivo";"2";"quadro-2-entrate-entrate-derivanti-da-contributi-e-trasferimenti-correnti-dello-stato-della-regione-e-di-altri-enti-pubblici-anche-in-rapporto-funzioni-delegate-dalla-regione";"categoria 1^ - contributi e trasferimenti correnti dallo stato";"";"Contributi dallo Stato";"CONTRIBUTI PUBBLICI";"ENTRATE"
"preventivo";"2";"quadro-2-entrate-entrate-derivanti-da-contributi-e-trasferimenti-correnti-dello-stato-della-regione-e-di-altri-enti-pubblici-anche-in-rapporto-funzioni-delegate-dalla-regione";"categoria 2^ - contributi e trasferimenti correnti dalla regione";"";"Contributi dalla Regione";"CONTRIBUTI PUBBLICI";"ENTRATE"
"preventivo";"2";"quadro-2-entrate-entrate-derivanti-da-contributi-e-trasferimenti-correnti-dello-stato-della-regione-e-di-altri-enti-pubblici-anche-in-rapporto-funzioni-delegate-dalla-regione";"categoria 3^ - contributi e trasferimenti correnti dalla regione per funzioni delegate";"";"Contributi dalla Regione";"CONTRIBUTI PUBBLICI";"ENTRATE"
"preventivo";"2";"quadro-2-entrate-entrate-derivanti-da-contributi-e-trasferimenti-correnti-dello-stato-della-regione-e-di-altri-enti-pubblici-anche-in-rapporto-funzioni-delegate-dalla-regione";"categoria 4^ - contributi e trasferimenti da parte  di organismi comunitari e internazionali";"";"Contributi da altri enti pubblici";"CONTRIBUTI PUBBLICI";"ENTRATE"
"preventivo";"2";"quadro-2-entrate-entrate-derivanti-da-contributi-e-trasferimenti-correnti-dello-stato-della-regione-e-di-altri-enti-pubblici-anche-in-rapporto-funzioni-delegate-dalla-regione";"categoria 5^ - contributi e trasferimenti correnti da altri enti del settore pubblico";"";"Contributi da altri enti pubblici";"CONTRIBUTI PUBBLICI";"ENTRATE"
"preventivo";"2";"quadro-2-entrate-entrate-derivanti-da-contributi-e-trasferimenti-correnti-dello-stato-della-regione-e-di-altri-enti-pubblici-anche-in-rapporto-funzioni-delegate-dalla-regione";"contributi dallo stato non fiscalizzati (per regioni a statuto ordinario e sicilia e sardegna)";"";"";"";""
"preventivo";"2";"quadro-2-entrate-entrate-derivanti-da-contributi-e-trasferimenti-correnti-dello-stato-della-regione-e-di-altri-enti-pubblici-anche-in-rapporto-funzioni-delegate-dalla-regione";"contributo per gli interventi dei comuni (ex fondo sviluppo investimenti)";"";"";"";""
"preventivo";"2";"quadro-2-entrate-entrate-derivanti-da-contributi-e-trasferimenti-correnti-dello-stato-della-regione-e-di-altri-enti-pubblici-anche-in-rapporto-funzioni-delegate-dalla-regione";"di cui : entrate a specifica destinazione per finanziare spese di personale";"";"";"";""
"preventivo";"2";"quadro-2-entrate-entrate-derivanti-da-contributi-e-trasferimenti-correnti-dello-stato-della-regione-e-di-altri-enti-pubblici-anche-in-rapporto-funzioni-delegate-dalla-regione";"di cui: dalle province per rimborso statale ici (art. 4 co. 5 d.l. 16/12)";"";"";"";""
"preventivo";"2";"quadro-2-entrate-entrate-derivanti-da-contributi-e-trasferimenti-correnti-dello-stato-della-regione-e-di-altri-enti-pubblici-anche-in-rapporto-funzioni-delegate-dalla-regione";"di cui: entrate da contribuzione regionale a specifica destinazione per finanziare spese di personale";"";"";"";""
"preventivo";"2";"quadro-2-entrate-entrate-derivanti-da-contributi-e-trasferimenti-correnti-dello-stato-della-regione-e-di-altri-enti-pubblici-anche-in-rapporto-funzioni-delegate-dalla-regione";"fondo consolidato";"";"";"";""
"preventivo";"2";"quadro-2-entrate-entrate-derivanti-da-contributi-e-trasferimenti-correnti-dello-stato-della-regione-e-di-altri-enti-pubblici-anche-in-rapporto-funzioni-delegate-dalla-regione";"fondo ordinario";"";"";"";""
"preventivo";"2";"quadro-2-entrate-entrate-derivanti-da-contributi-e-trasferimenti-correnti-dello-stato-della-regione-e-di-altri-enti-pubblici-anche-in-rapporto-funzioni-delegate-dalla-regione";"fondo per funzioni trasferite";"";"";"";""
"preventivo";"2";"quadro-2-entrate-entrate-derivanti-da-contributi-e-trasferimenti-correnti-dello-stato-della-regione-e-di-altri-enti-pubblici-anche-in-rapporto-funzioni-delegate-dalla-regione";"fondo per sviluppo investimenti";"";"";"";""
"preventivo";"2";"quadro-2-entrate-entrate-derivanti-da-contributi-e-trasferimenti-correnti-dello-stato-della-regione-e-di-altri-enti-pubblici-anche-in-rapporto-funzioni-delegate-dalla-regione";"fondo perequativo fiscalità locale";"";"";"";""
"preventivo";"2";"quadro-2-entrate-entrate-derivanti-da-contributi-e-trasferimenti-correnti-dello-stato-della-regione-e-di-altri-enti-pubblici-anche-in-rapporto-funzioni-delegate-dalla-regione";"per rimborso finanziamento statale ici  (art.4. co. 5 d.l. 16/12) (7)";"";"";"";""
"preventivo";"2";"quadro-2-entrate-entrate-derivanti-da-contributi-e-trasferimenti-correnti-dello-stato-della-regione-e-di-altri-enti-pubblici-anche-in-rapporto-funzioni-delegate-dalla-regione";"totale titolo ii";"";"TOTALE";"CONTRIBUTI PUBBLICI";"ENTRATE"
"preventivo";"2";"quadro-2-entrate-entrate-derivanti-da-contributi-e-trasferimenti-correnti-dello-stato-della-regione-e-di-altri-enti-pubblici-anche-in-rapporto-funzioni-delegate-dalla-regione";"trasferimenti compensativi per ici sull'abitazione principale";"";"";"";""
"preventivo";"2";"quadro-2-entrate-entrate-derivanti-da-servizi-per-conto-di-terzi";"totale generale delle entrate";"";"";"TOTALE";"ENTRATE"
"preventivo";"2";"quadro-2-entrate-entrate-derivanti-da-servizi-per-conto-di-terzi";"totale titolo vi";"";"";"ENTRATE PER CONTO TERZI";"ENTRATE"
"preventivo";"2";"quadro-2-entrate-entrate-extratributarie";"";"";"";"";""
"preventivo";"2";"quadro-2-entrate-entrate-extratributarie";"(2) le entrate derivanti da concessioni cimiteriali in diritto di superficie vanno collocate al titolo iv - categoria i delle entrate";"";"";"";""
"preventivo";"2";"quadro-2-entrate-entrate-extratributarie";"(2) le entrate derivanti da concessioni cimiteriali in diritto di superficie vanno collocate al titolo iv -categoria i delle entrate.";"";"";"";""
"preventivo";"2";"quadro-2-entrate-entrate-extratributarie";"(3) alla luce dell'orientamento di cui alla circolare n. 3/df dell'11/11/2010 del mef - dipartimento delle finanze";"";"";"";""
"preventivo";"2";"quadro-2-entrate-entrate-extratributarie";"(3) la circolare n. 3/df  dell'11 novembre 2010 del dipartimento delle finanze ha fornito orientamenti in materia, alla  luce delle disposizioni recate dall'articolo 14, comma 33 del d.l. 31 maggio 2010 n. 78 e, pertanto, l'allocazione si riporta a tale codice.";"";"";"";""
"preventivo";"2";"quadro-2-entrate-entrate-extratributarie";"altri proventi";"";"";"";""
"preventivo";"2";"quadro-2-entrate-entrate-extratributarie";"c.o.s.a.p.";"";"";"";""
"preventivo";"2";"quadro-2-entrate-entrate-extratributarie";"canone per concessioni cimiteriali";"";"";"";""
"preventivo";"2";"quadro-2-entrate-entrate-extratributarie";"canone per l'installazione dei mezzi pubblicitari";"";"";"";""
"preventivo";"2";"quadro-2-entrate-entrate-extratributarie";"canone pubblicità";"";"";"";""
"preventivo";"2";"quadro-2-entrate-entrate-extratributarie";"categoria 1^ - proventi di servizi pubblici";"";"Servizi pubblici";"Entrate extratributarie";"ENTRATE"
"preventivo";"2";"quadro-2-entrate-entrate-extratributarie";"categoria 2^ - proventi di beni comunali";"";"Proventi di beni dell'ente";"Entrate extratributarie";"ENTRATE"
"preventivo";"2";"quadro-2-entrate-entrate-extratributarie";"categoria 3^ - interessi su anticipazioni o crediti";"";"Interessi su anticipazioni o crediti";"Entrate extratributarie";"ENTRATE"
"preventivo";"2";"quadro-2-entrate-entrate-extratributarie";"categoria 4^ - utili netti delle aziende speciali e partecipate,dividendi di società";"";"Utili delle aziende partecipate";"Entrate extratributarie";"ENTRATE"
"preventivo";"2";"quadro-2-entrate-entrate-extratributarie";"categoria 5^ - proventi diversi";"";"Altre entrate extratributarie";"Entrate extratributarie";"ENTRATE"
"preventivo";"2";"quadro-2-entrate-entrate-extratributarie";"entrate da sanzioni amministrative, ammende e oblazioni";"";"";"";""
"preventivo";"2";"quadro-2-entrate-entrate-extratributarie";"tariffa d'igiene ambientale";"";"";"";""
"preventivo";"2";"quadro-2-entrate-entrate-extratributarie";"tariffa per la raccolta e lo smaltimento dei rifiuti";"";"";"";""
"preventivo";"2";"quadro-2-entrate-entrate-extratributarie";"totale titolo iii";"";"TOTALE";"Entrate extratributarie";"ENTRATE"
"preventivo";"2";"quadro-2-entrate-entrate-tributarie";"";"";"";"";""
"preventivo";"2";"quadro-2-entrate-entrate-tributarie";"(2) per i comuni che, ai sensi dell'ordinanza della corte costituzionale n.300/09 e della sentenza della corte costituzionale n.238/09, hanno collocato l'entrata al titolo i.";"";"";"";""
"preventivo";"2";"quadro-2-entrate-entrate-tributarie";"(2) per i comuni delle regioni a statuto ordinario secondo quanto previsto dal d. lgs. 23/2011 recante disposizioni in materia di federalismo fiscale municipale.";"";"";"";""
"preventivo";"2";"quadro-2-entrate-entrate-tributarie";"(4) alla luce dell'orientamento di cui alla circolare n. 3/df dell'11/11/2010 del mef - dipartimento delle finanze.";"";"";"";""
"preventivo";"2";"quadro-2-entrate-entrate-tributarie";"(4) solo per i comuni delle regioni a statuto speciale.";"";"";"";""
"preventivo";"2";"quadro-2-entrate-entrate-tributarie";"(6) trattasi fattispecie prevista all'art. 4 d.lgs. 23/2011.";"";"";"";""
"preventivo";"2";"quadro-2-entrate-entrate-tributarie";"(8) trattasi fattispecie prevista all'art. 4 d.lgs. 23/2011.";"";"";"";""
"preventivo";"2";"quadro-2-entrate-entrate-tributarie";"(9) voce già prevista nel modello di certificato prima della pubblicazione del d.lgs 23/2011 e che ora viene riproposta per motivi tecnici di struttura del quadro contabile, nonostante non sia stata confermata dalla legislazione per le regioni a statuto ordinario e non concernenti le regioni a statuto speciale.";"";"";"";""
"preventivo";"2";"quadro-2-entrate-entrate-tributarie";"addizionale comunale sul consumo di energia elettrica";"Imposte (altro)";"IMPOSTE";"IMPOSTE E TASSE";"ENTRATE"
"preventivo";"2";"quadro-2-entrate-entrate-tributarie";"addizionale erariale sulla tassa smaltimento rifiuti";"Rifiuti";"TASSE";"IMPOSTE E TASSE";"ENTRATE"
"preventivo";"2";"quadro-2-entrate-entrate-tributarie";"addizionale i.r.p.e.f.";"Imposte (altro)";"IMPOSTE";"IMPOSTE E TASSE";"ENTRATE"
"preventivo";"2";"quadro-2-entrate-entrate-tributarie";"addizionale sul consumo di energia elettrica";"Imposte (altro)";"IMPOSTE";"IMPOSTE E TASSE";"ENTRATE"
"preventivo";"2";"quadro-2-entrate-entrate-tributarie";"altre imposte";"Imposte (altro)";"IMPOSTE";"IMPOSTE E TASSE";"ENTRATE"
"preventivo";"2";"quadro-2-entrate-entrate-tributarie";"altre tasse";"Altre Tasse";"TASSE";"IMPOSTE E TASSE";"ENTRATE"
"preventivo";"2";"quadro-2-entrate-entrate-tributarie";"altri tributi speciali";"";"";"";""
"preventivo";"2";"quadro-2-entrate-entrate-tributarie";"canone per l'installazione dei mezzi pubblicitari";"Altre Tasse";"TASSE";"IMPOSTE E TASSE";"ENTRATE"
"preventivo";"2";"quadro-2-entrate-entrate-tributarie";"categoria 1^ - imposte";"TOTALE";"IMPOSTE";"IMPOSTE E TASSE";"ENTRATE"
"preventivo";"2";"quadro-2-entrate-entrate-tributarie";"categoria 2^ - tasse";"TOTALE";"TASSE";"IMPOSTE E TASSE";"ENTRATE"
"preventivo";"2";"quadro-2-entrate-entrate-tributarie";"categoria 3^ - tributi speciali ed altre entrate tributarie proprie";"";"Altri tributi";"IMPOSTE E TASSE";"ENTRATE"
"preventivo";"2";"quadro-2-entrate-entrate-tributarie";"compartecipazione i.r.p.e.f.";"Imposte (altro)";"IMPOSTE";"IMPOSTE E TASSE";"ENTRATE"
"preventivo";"2";"quadro-2-entrate-entrate-tributarie";"diritti sulle pubbliche affissioni";"";"";"";""
"preventivo";"2";"quadro-2-entrate-entrate-tributarie";"entrate da  fondo sperimentale di riequilibrio";"";"";"";""
"preventivo";"2";"quadro-2-entrate-entrate-tributarie";"entrate da fondo di solidarietà comunale";"";"";"";""
"preventivo";"2";"quadro-2-entrate-entrate-tributarie";"i.c.i. (1) con aliquota";"Casa e fabbricati";"IMPOSTE";"IMPOSTE E TASSE";"ENTRATE"
"preventivo";"2";"quadro-2-entrate-entrate-tributarie";"i.c.i. per poste esercizi precedenti (recupero evasione e altre fattispecie particolari)";"Casa e fabbricati";"IMPOSTE";"IMPOSTE E TASSE";"ENTRATE"
"preventivo";"2";"quadro-2-entrate-entrate-tributarie";"i.c.i. su abitazione principale per fattispecie non esenti";"Casa e fabbricati";"IMPOSTE";"IMPOSTE E TASSE";"ENTRATE"
"preventivo";"2";"quadro-2-entrate-entrate-tributarie";"i.c.i. su fattispecie diversa da abitazione principale";"Casa e fabbricati";"IMPOSTE";"IMPOSTE E TASSE";"ENTRATE"
"preventivo";"2";"quadro-2-entrate-entrate-tributarie";"i.c.i.a.p.";"Imposte (altro)";"IMPOSTE";"IMPOSTE E TASSE";"ENTRATE"
"preventivo";"2";"quadro-2-entrate-entrate-tributarie";"i.m.u. sperimentale - abitazione principale e pertinenze";"Casa e fabbricati";"IMPOSTE";"IMPOSTE E TASSE";"ENTRATE"
"preventivo";"2";"quadro-2-entrate-entrate-tributarie";"i.m.u. sperimentale - fattispecie diversa da abitazione principale";"Casa e fabbricati";"IMPOSTE";"IMPOSTE E TASSE";"ENTRATE"
"preventivo";"2";"quadro-2-entrate-entrate-tributarie";"imposta comunale sulla pubblicità";"Imposte (altro)";"IMPOSTE";"IMPOSTE E TASSE";"ENTRATE"
"preventivo";"2";"quadro-2-entrate-entrate-tributarie";"imposta di scopo";"Imposte (altro)";"IMPOSTE";"IMPOSTE E TASSE";"ENTRATE"
"preventivo";"2";"quadro-2-entrate-entrate-tributarie";"imposta di soggiorno comuni località turistiche";"Imposte (altro)";"IMPOSTE";"IMPOSTE E TASSE";"ENTRATE"
"preventivo";"2";"quadro-2-entrate-entrate-tributarie";"imposta sulle insegne";"Imposte (altro)";"IMPOSTE";"IMPOSTE E TASSE";"ENTRATE"
"preventivo";"2";"quadro-2-entrate-entrate-tributarie";"tariffa igiene ambientale";"Rifiuti";"TASSE";"IMPOSTE E TASSE";"ENTRATE"
"preventivo";"2";"quadro-2-entrate-entrate-tributarie";"tassa di concessione su atti e provvedimenti comunali";"Altre Tasse";"TASSE";"IMPOSTE E TASSE";"ENTRATE"
"preventivo";"2";"quadro-2-entrate-entrate-tributarie";"tassa per l'occupazione degli spazi ed aree pubbliche";"Altre Tasse";"TASSE";"IMPOSTE E TASSE";"ENTRATE"
"preventivo";"2";"quadro-2-entrate-entrate-tributarie";"tassa per la raccolta e lo smaltimento dei rifiuti solidi urbani";"Rifiuti";"TASSE";"IMPOSTE E TASSE";"ENTRATE"
"preventivo";"2";"quadro-2-entrate-entrate-tributarie";"totale titolo i";"";"TOTALE";"IMPOSTE E TASSE";"ENTRATE"
"preventivo";"2";"quadro-2-entrate-entrate-tributarie";"tributo comunale sui rifiuti e sui servizi (tares)";"Rifiuti";"TASSE";"IMPOSTE E TASSE";"ENTRATE"
"preventivo";"3";"quadro-3-spese-spese-correnti";"";"";"";"";""
"preventivo";"3";"quadro-3-spese-spese-correnti";"(3) compilare il quadro 4 relativo al riepilogo delle spese correnti";"";"";"";""
"preventivo";"3";"quadro-3-spese-spese-correnti";"(3) compilare il quadro 4 relativo al riepilogo delle spese correnti.";"";"";"";""
"preventivo";"3";"quadro-3-spese-spese-correnti";"totale titolo i";"";"";"";""
"preventivo";"3";"quadro-3-spese-spese-in-conto-capitale";"";"";"";"";""
"preventivo";"3";"quadro-3-spese-spese-in-conto-capitale";"(4) compilare il quadro 5 relativo al riepilogo delle spese in conto capitale.";"";"";"";""
"preventivo";"3";"quadro-3-spese-spese-in-conto-capitale";"totale titolo ii";"";"";"";""
"preventivo";"3";"quadro-3-spese-spese-per-rimborso-prestiti";"rimborso di finanziamenti a breve termine";"";"Finanziamenti a breve termine";"prestiti";"spese"
"preventivo";"3";"quadro-3-spese-spese-per-rimborso-prestiti";"rimborso di prestiti obbligazionari";"";"Prestiti obbligazionari";"prestiti";"spese"
"preventivo";"3";"quadro-3-spese-spese-per-rimborso-prestiti";"rimborso di quota capitale di debiti pluriennali";"";"Quota capitale di debiti pluriennali";"prestiti";"spese"
"preventivo";"3";"quadro-3-spese-spese-per-rimborso-prestiti";"rimborso di quota capitale di mutui e prestiti";"";"Quota capitale di mutui e prestiti";"prestiti";"spese"
"preventivo";"3";"quadro-3-spese-spese-per-rimborso-prestiti";"rimborso per anticipazioni di cassa";"";"Anticipazioni di cassa";"prestiti";"spese"
"preventivo";"3";"quadro-3-spese-spese-per-rimborso-prestiti";"totale titolo iii";"";"TOTALE";"prestiti";"spese"
"preventivo";"3";"quadro-3-spese-spese-per-servizi-per-conto-di-terzi";"totale generale delle spese";"";"";"TOTALE";"spese"
"preventivo";"3";"quadro-3-spese-spese-per-servizi-per-conto-di-terzi";"totale titolo iv";"";"";"Spese per conto terzi";"spese"
"preventivo";"4";"quadro-4-riepilogo-spese-correnti-acquisto-di-beni-di-consumo-eo-materie-prime";"funzione di istruzione pubblica";"";"";"";""
"preventivo";"4";"quadro-4-riepilogo-spese-correnti-acquisto-di-beni-di-consumo-eo-materie-prime";"funzioni di polizia locale";"";"";"";""
"preventivo";"4";"quadro-4-riepilogo-spese-correnti-acquisto-di-beni-di-consumo-eo-materie-prime";"funzioni generali di amministrazione, di gestione e di controllo";"";"";"";""
"preventivo";"4";"quadro-4-riepilogo-spese-correnti-acquisto-di-beni-di-consumo-eo-materie-prime";"funzioni nel campo della viabilità e dei trasporti";"";"";"";""
"preventivo";"4";"quadro-4-riepilogo-spese-correnti-acquisto-di-beni-di-consumo-eo-materie-prime";"funzioni nel campo dello sviluppo economico";"";"";"";""
"preventivo";"4";"quadro-4-riepilogo-spese-correnti-acquisto-di-beni-di-consumo-eo-materie-prime";"funzioni nel campo turistico";"";"";"";""
"preventivo";"4";"quadro-4-riepilogo-spese-correnti-acquisto-di-beni-di-consumo-eo-materie-prime";"funzioni nel settore sociale";"";"";"";""
"preventivo";"4";"quadro-4-riepilogo-spese-correnti-acquisto-di-beni-di-consumo-eo-materie-prime";"funzioni nel settore sportivo e ricreativo";"";"";"";""
"preventivo";"4";"quadro-4-riepilogo-spese-correnti-acquisto-di-beni-di-consumo-eo-materie-prime";"funzioni relative ai servizi produttivi";"";"";"";""
"preventivo";"4";"quadro-4-riepilogo-spese-correnti-acquisto-di-beni-di-consumo-eo-materie-prime";"funzioni relative alla cultura ed ai beni culturali";"";"";"";""
"preventivo";"4";"quadro-4-riepilogo-spese-correnti-acquisto-di-beni-di-consumo-eo-materie-prime";"funzioni relative alla giustizia";"";"";"";""
"preventivo";"4";"quadro-4-riepilogo-spese-correnti-acquisto-di-beni-di-consumo-eo-materie-prime";"funzioni riguardanti la gestione del territorio e dell'ambiente";"";"";"";""
"preventivo";"4";"quadro-4-riepilogo-spese-correnti-acquisto-di-beni-di-consumo-eo-materie-prime";"totale";"Altre spese per interventi correnti";"interventi";"spese correnti";"spese"
"preventivo";"4";"quadro-4-riepilogo-spese-correnti-ammortamenti-di-esercizio";"funzione di istruzione pubblica";"";"";"";""
"preventivo";"4";"quadro-4-riepilogo-spese-correnti-ammortamenti-di-esercizio";"funzioni di polizia locale";"";"";"";""
"preventivo";"4";"quadro-4-riepilogo-spese-correnti-ammortamenti-di-esercizio";"funzioni generali di amministrazione, di gestione e di controllo";"";"";"";""
"preventivo";"4";"quadro-4-riepilogo-spese-correnti-ammortamenti-di-esercizio";"funzioni nel campo della viabilità e dei trasporti";"";"";"";""
"preventivo";"4";"quadro-4-riepilogo-spese-correnti-ammortamenti-di-esercizio";"funzioni nel campo dello sviluppo economico";"";"";"";""
"preventivo";"4";"quadro-4-riepilogo-spese-correnti-ammortamenti-di-esercizio";"funzioni nel campo turistico";"";"";"";""
"preventivo";"4";"quadro-4-riepilogo-spese-correnti-ammortamenti-di-esercizio";"funzioni nel settore sociale";"";"";"";""
"preventivo";"4";"quadro-4-riepilogo-spese-correnti-ammortamenti-di-esercizio";"funzioni nel settore sportivo e ricreativo";"";"";"";""
"preventivo";"4";"quadro-4-riepilogo-spese-correnti-ammortamenti-di-esercizio";"funzioni relative ai servizi produttivi";"";"";"";""
"preventivo";"4";"quadro-4-riepilogo-spese-correnti-ammortamenti-di-esercizio";"funzioni relative alla cultura ed ai beni culturali";"";"";"";""
"preventivo";"4";"quadro-4-riepilogo-spese-correnti-ammortamenti-di-esercizio";"funzioni relative alla giustizia";"";"";"";""
"preventivo";"4";"quadro-4-riepilogo-spese-correnti-ammortamenti-di-esercizio";"funzioni riguardanti la gestione del territorio e dell'ambiente";"";"";"";""
"preventivo";"4";"quadro-4-riepilogo-spese-correnti-ammortamenti-di-esercizio";"totale";"Altre spese per interventi correnti";"interventi";"spese correnti";"spese"
"preventivo";"4";"quadro-4-riepilogo-spese-correnti-fondo-di-riserva";"funzioni generali di amministrazione, di gestione e di controllo";"";"";"";""
"preventivo";"4";"quadro-4-riepilogo-spese-correnti-fondo-di-riserva";"totale";"Altre spese per interventi correnti";"interventi";"spese correnti";"spese"
"preventivo";"4";"quadro-4-riepilogo-spese-correnti-fondo-svalutazione-crediti";"funzioni generali di amministrazione, di gestione e di controllo";"";"";"";""
"preventivo";"4";"quadro-4-riepilogo-spese-correnti-fondo-svalutazione-crediti";"totale";"Interessi passivi e oneri finanziari diversi";"interventi";"spese correnti";"spese"
"preventivo";"4";"quadro-4-riepilogo-spese-correnti-imposte-e-tasse";"funzione di istruzione pubblica";"";"";"";""
"preventivo";"4";"quadro-4-riepilogo-spese-correnti-imposte-e-tasse";"funzioni di polizia locale";"";"";"";""
"preventivo";"4";"quadro-4-riepilogo-spese-correnti-imposte-e-tasse";"funzioni generali di amministrazione, di gestione e di controllo";"";"";"";""
"preventivo";"4";"quadro-4-riepilogo-spese-correnti-imposte-e-tasse";"funzioni nel campo della viabilità e dei trasporti";"";"";"";""
"preventivo";"4";"quadro-4-riepilogo-spese-correnti-imposte-e-tasse";"funzioni nel campo dello sviluppo economico";"";"";"";""
"preventivo";"4";"quadro-4-riepilogo-spese-correnti-imposte-e-tasse";"funzioni nel campo turistico";"";"";"";""
"preventivo";"4";"quadro-4-riepilogo-spese-correnti-imposte-e-tasse";"funzioni nel settore sociale";"";"";"";""
"preventivo";"4";"quadro-4-riepilogo-spese-correnti-imposte-e-tasse";"funzioni nel settore sportivo e ricreativo";"";"";"";""
"preventivo";"4";"quadro-4-riepilogo-spese-correnti-imposte-e-tasse";"funzioni relative ai servizi produttivi";"";"";"";""
"preventivo";"4";"quadro-4-riepilogo-spese-correnti-imposte-e-tasse";"funzioni relative alla cultura ed ai beni culturali";"";"";"";""
"preventivo";"4";"quadro-4-riepilogo-spese-correnti-imposte-e-tasse";"funzioni relative alla giustizia";"";"";"";""
"preventivo";"4";"quadro-4-riepilogo-spese-correnti-imposte-e-tasse";"funzioni riguardanti la gestione del territorio e dell'ambiente";"";"";"";""
"preventivo";"4";"quadro-4-riepilogo-spese-correnti-imposte-e-tasse";"totale";"Altre spese per interventi correnti";"interventi";"spese correnti";"spese"
"preventivo";"4";"quadro-4-riepilogo-spese-correnti-interessi-passivi-ed-oneri-finanziari-diversi";"funzione di istruzione pubblica";"";"";"";""
"preventivo";"4";"quadro-4-riepilogo-spese-correnti-interessi-passivi-ed-oneri-finanziari-diversi";"funzioni di polizia locale";"";"";"";""
"preventivo";"4";"quadro-4-riepilogo-spese-correnti-interessi-passivi-ed-oneri-finanziari-diversi";"funzioni generali di amministrazione, di gestione e di controllo";"";"";"";""
"preventivo";"4";"quadro-4-riepilogo-spese-correnti-interessi-passivi-ed-oneri-finanziari-diversi";"funzioni nel campo della viabilità e dei trasporti";"";"";"";""
"preventivo";"4";"quadro-4-riepilogo-spese-correnti-interessi-passivi-ed-oneri-finanziari-diversi";"funzioni nel campo dello sviluppo economico";"";"";"";""
"preventivo";"4";"quadro-4-riepilogo-spese-correnti-interessi-passivi-ed-oneri-finanziari-diversi";"funzioni nel campo turistico";"";"";"";""
"preventivo";"4";"quadro-4-riepilogo-spese-correnti-interessi-passivi-ed-oneri-finanziari-diversi";"funzioni nel settore sociale";"";"";"";""
"preventivo";"4";"quadro-4-riepilogo-spese-correnti-interessi-passivi-ed-oneri-finanziari-diversi";"funzioni nel settore sportivo e ricreativo";"";"";"";""
"preventivo";"4";"quadro-4-riepilogo-spese-correnti-interessi-passivi-ed-oneri-finanziari-diversi";"funzioni relative ai servizi produttivi";"";"";"";""
"preventivo";"4";"quadro-4-riepilogo-spese-correnti-interessi-passivi-ed-oneri-finanziari-diversi";"funzioni relative alla cultura ed ai beni culturali";"";"";"";""
"preventivo";"4";"quadro-4-riepilogo-spese-correnti-interessi-passivi-ed-oneri-finanziari-diversi";"funzioni relative alla giustizia";"";"";"";""
"preventivo";"4";"quadro-4-riepilogo-spese-correnti-interessi-passivi-ed-oneri-finanziari-diversi";"funzioni riguardanti la gestione del territorio e dell'ambiente";"";"";"";""
"preventivo";"4";"quadro-4-riepilogo-spese-correnti-interessi-passivi-ed-oneri-finanziari-diversi";"totale";"Interessi passivi e oneri finanziari diversi";"interventi";"spese correnti";"spese"
"preventivo";"4";"quadro-4-riepilogo-spese-correnti-oneri-straordinari-della-gestione-corrente";"funzione di istruzione pubblica";"";"";"";""
"preventivo";"4";"quadro-4-riepilogo-spese-correnti-oneri-straordinari-della-gestione-corrente";"funzioni di polizia locale";"";"";"";""
"preventivo";"4";"quadro-4-riepilogo-spese-correnti-oneri-straordinari-della-gestione-corrente";"funzioni generali di amministrazione, di gestione e di controllo";"";"";"";""
"preventivo";"4";"quadro-4-riepilogo-spese-correnti-oneri-straordinari-della-gestione-corrente";"funzioni nel campo della viabilità e dei trasporti";"";"";"";""
"preventivo";"4";"quadro-4-riepilogo-spese-correnti-oneri-straordinari-della-gestione-corrente";"funzioni nel campo dello sviluppo economico";"";"";"";""
"preventivo";"4";"quadro-4-riepilogo-spese-correnti-oneri-straordinari-della-gestione-corrente";"funzioni nel campo turistico";"";"";"";""
"preventivo";"4";"quadro-4-riepilogo-spese-correnti-oneri-straordinari-della-gestione-corrente";"funzioni nel settore sociale";"";"";"";""
"preventivo";"4";"quadro-4-riepilogo-spese-correnti-oneri-straordinari-della-gestione-corrente";"funzioni nel settore sportivo e ricreativo";"";"";"";""
"preventivo";"4";"quadro-4-riepilogo-spese-correnti-oneri-straordinari-della-gestione-corrente";"funzioni relative ai servizi produttivi";"";"";"";""
"preventivo";"4";"quadro-4-riepilogo-spese-correnti-oneri-straordinari-della-gestione-corrente";"funzioni relative alla cultura ed ai beni culturali";"";"";"";""
"preventivo";"4";"quadro-4-riepilogo-spese-correnti-oneri-straordinari-della-gestione-corrente";"funzioni relative alla giustizia";"";"";"";""
"preventivo";"4";"quadro-4-riepilogo-spese-correnti-oneri-straordinari-della-gestione-corrente";"funzioni riguardanti la gestione del territorio e dell'ambiente";"";"";"";""
"preventivo";"4";"quadro-4-riepilogo-spese-correnti-oneri-straordinari-della-gestione-corrente";"totale";"Interessi passivi e oneri finanziari diversi";"interventi";"spese correnti";"spese"
"preventivo";"4";"quadro-4-riepilogo-spese-correnti-personale";"funzione di istruzione pubblica";"";"";"";""
"preventivo";"4";"quadro-4-riepilogo-spese-correnti-personale";"funzioni di polizia locale";"";"";"";""
"preventivo";"4";"quadro-4-riepilogo-spese-correnti-personale";"funzioni generali di amministrazione, di gestione e di controllo";"";"";"";""
"preventivo";"4";"quadro-4-riepilogo-spese-correnti-personale";"funzioni nel campo della viabilità e dei trasporti";"";"";"";""
"preventivo";"4";"quadro-4-riepilogo-spese-correnti-personale";"funzioni nel campo dello sviluppo economico";"";"";"";""
"preventivo";"4";"quadro-4-riepilogo-spese-correnti-personale";"funzioni nel campo turistico";"";"";"";""
"preventivo";"4";"quadro-4-riepilogo-spese-correnti-personale";"funzioni nel settore sociale";"";"";"";""
"preventivo";"4";"quadro-4-riepilogo-spese-correnti-personale";"funzioni nel settore sportivo e ricreativo";"";"";"";""
"preventivo";"4";"quadro-4-riepilogo-spese-correnti-personale";"funzioni relative ai servizi produttivi";"";"";"";""
"preventivo";"4";"quadro-4-riepilogo-spese-correnti-personale";"funzioni relative alla cultura ed ai beni culturali";"";"";"";""
"preventivo";"4";"quadro-4-riepilogo-spese-correnti-personale";"funzioni relative alla giustizia";"";"";"";""
"preventivo";"4";"quadro-4-riepilogo-spese-correnti-personale";"funzioni riguardanti la gestione del territorio e dell'ambiente";"";"";"";""
"preventivo";"4";"quadro-4-riepilogo-spese-correnti-personale";"totale";"Personale";"interventi";"spese correnti";"spese"
"preventivo";"4";"quadro-4-riepilogo-spese-correnti-prestazioni-di-servizi";"funzione di istruzione pubblica";"";"";"";""
"preventivo";"4";"quadro-4-riepilogo-spese-correnti-prestazioni-di-servizi";"funzioni di polizia locale";"";"";"";""
"preventivo";"4";"quadro-4-riepilogo-spese-correnti-prestazioni-di-servizi";"funzioni generali di amministrazione, di gestione e di controllo";"";"";"";""
"preventivo";"4";"quadro-4-riepilogo-spese-correnti-prestazioni-di-servizi";"funzioni nel campo della viabilità e dei trasporti";"";"";"";""
"preventivo";"4";"quadro-4-riepilogo-spese-correnti-prestazioni-di-servizi";"funzioni nel campo dello sviluppo economico";"";"";"";""
"preventivo";"4";"quadro-4-riepilogo-spese-correnti-prestazioni-di-servizi";"funzioni nel campo turistico";"";"";"";""
"preventivo";"4";"quadro-4-riepilogo-spese-correnti-prestazioni-di-servizi";"funzioni nel settore sociale";"";"";"";""
"preventivo";"4";"quadro-4-riepilogo-spese-correnti-prestazioni-di-servizi";"funzioni nel settore sportivo e ricreativo";"";"";"";""
"preventivo";"4";"quadro-4-riepilogo-spese-correnti-prestazioni-di-servizi";"funzioni relative ai servizi produttivi";"";"";"";""
"preventivo";"4";"quadro-4-riepilogo-spese-correnti-prestazioni-di-servizi";"funzioni relative alla cultura ed ai beni culturali";"";"";"";""
"preventivo";"4";"quadro-4-riepilogo-spese-correnti-prestazioni-di-servizi";"funzioni relative alla giustizia";"";"";"";""
"preventivo";"4";"quadro-4-riepilogo-spese-correnti-prestazioni-di-servizi";"funzioni riguardanti la gestione del territorio e dell'ambiente";"";"";"";""
"preventivo";"4";"quadro-4-riepilogo-spese-correnti-prestazioni-di-servizi";"totale";"Prestazioni di servizi";"interventi";"spese correnti";"spese"
"preventivo";"4";"quadro-4-riepilogo-spese-correnti-totale";"funzione di istruzione pubblica";"Istruzione";"funzioni";"spese correnti";"spese"
"preventivo";"4";"quadro-4-riepilogo-spese-correnti-totale";"funzioni di polizia locale";"Polizia locale";"funzioni";"spese correnti";"spese"
"preventivo";"4";"quadro-4-riepilogo-spese-correnti-totale";"funzioni generali di amministrazione, di gestione e di controllo";"Amministrazione";"funzioni";"spese correnti";"spese"
"preventivo";"4";"quadro-4-riepilogo-spese-correnti-totale";"funzioni nel campo della viabilità e dei trasporti";"Viabilità e trasporti";"funzioni";"spese correnti";"spese"
"preventivo";"4";"quadro-4-riepilogo-spese-correnti-totale";"funzioni nel campo dello sviluppo economico";"Sviluppo economico";"funzioni";"spese correnti";"spese"
"preventivo";"4";"quadro-4-riepilogo-spese-correnti-totale";"funzioni nel campo turistico";"Turismo";"funzioni";"spese correnti";"spese"
"preventivo";"4";"quadro-4-riepilogo-spese-correnti-totale";"funzioni nel settore sociale";"Sociale";"funzioni";"spese correnti";"spese"
"preventivo";"4";"quadro-4-riepilogo-spese-correnti-totale";"funzioni nel settore sportivo e ricreativo";"Sport";"funzioni";"spese correnti";"spese"
"preventivo";"4";"quadro-4-riepilogo-spese-correnti-totale";"funzioni relative a servizi produttivi";"Servizi produttivi";"funzioni";"spese correnti";"spese"
"preventivo";"4";"quadro-4-riepilogo-spese-correnti-totale";"funzioni relative alla cultura ed ai beni culturali";"Cultura";"funzioni";"spese correnti";"spese"
"preventivo";"4";"quadro-4-riepilogo-spese-correnti-totale";"funzioni relative alla giustizia";"Giustizia";"funzioni";"spese correnti";"spese"
"preventivo";"4";"quadro-4-riepilogo-spese-correnti-totale";"funzioni riguardanti la gestione del territorio e dell'ambiente";"Territorio e ambiente";"funzioni";"spese correnti";"spese"
"preventivo";"4";"quadro-4-riepilogo-spese-correnti-totale";"totale";"";"TOTALE";"spese correnti";"spese"
"preventivo";"4";"quadro-4-riepilogo-spese-correnti-trasferimenti";"funzione di istruzione pubblica";"";"";"";""
"preventivo";"4";"quadro-4-riepilogo-spese-correnti-trasferimenti";"funzioni di polizia locale";"";"";"";""
"preventivo";"4";"quadro-4-riepilogo-spese-correnti-trasferimenti";"funzioni generali di amministrazione, di gestione e di controllo";"";"";"";""
"preventivo";"4";"quadro-4-riepilogo-spese-correnti-trasferimenti";"funzioni nel campo della viabilità e dei trasporti";"";"";"";""
"preventivo";"4";"quadro-4-riepilogo-spese-correnti-trasferimenti";"funzioni nel campo dello sviluppo economico";"";"";"";""
"preventivo";"4";"quadro-4-riepilogo-spese-correnti-trasferimenti";"funzioni nel campo turistico";"";"";"";""
"preventivo";"4";"quadro-4-riepilogo-spese-correnti-trasferimenti";"funzioni nel settore sociale";"";"";"";""
"preventivo";"4";"quadro-4-riepilogo-spese-correnti-trasferimenti";"funzioni nel settore sportivo e ricreativo";"";"";"";""
"preventivo";"4";"quadro-4-riepilogo-spese-correnti-trasferimenti";"funzioni relative ai servizi produttivi";"";"";"";""
"preventivo";"4";"quadro-4-riepilogo-spese-correnti-trasferimenti";"funzioni relative alla cultura ed ai beni culturali";"";"";"";""
"preventivo";"4";"quadro-4-riepilogo-spese-correnti-trasferimenti";"funzioni relative alla giustizia";"";"";"";""
"preventivo";"4";"quadro-4-riepilogo-spese-correnti-trasferimenti";"funzioni riguardanti la gestione del territorio e dell'ambiente";"";"";"";""
"preventivo";"4";"quadro-4-riepilogo-spese-correnti-trasferimenti";"totale";"Trasferimenti";"interventi";"spese correnti";"spese"
"preventivo";"4";"quadro-4-riepilogo-spese-correnti-utilizzo-di-beni-terzi";"funzione di istruzione pubblica";"";"";"";""
"preventivo";"4";"quadro-4-riepilogo-spese-correnti-utilizzo-di-beni-terzi";"funzioni di polizia locale";"";"";"";""
"preventivo";"4";"quadro-4-riepilogo-spese-correnti-utilizzo-di-beni-terzi";"funzioni generali di amministrazione, di gestione e di controllo";"";"";"";""
"preventivo";"4";"quadro-4-riepilogo-spese-correnti-utilizzo-di-beni-terzi";"funzioni nel campo della viabilità e dei trasporti";"";"";"";""
"preventivo";"4";"quadro-4-riepilogo-spese-correnti-utilizzo-di-beni-terzi";"funzioni nel campo dello sviluppo economico";"";"";"";""
"preventivo";"4";"quadro-4-riepilogo-spese-correnti-utilizzo-di-beni-terzi";"funzioni nel campo turistico";"";"";"";""
"preventivo";"4";"quadro-4-riepilogo-spese-correnti-utilizzo-di-beni-terzi";"funzioni nel settore sociale";"";"";"";""
"preventivo";"4";"quadro-4-riepilogo-spese-correnti-utilizzo-di-beni-terzi";"funzioni nel settore sportivo e ricreativo";"";"";"";""
"preventivo";"4";"quadro-4-riepilogo-spese-correnti-utilizzo-di-beni-terzi";"funzioni relative ai servizi produttivi";"";"";"";""
"preventivo";"4";"quadro-4-riepilogo-spese-correnti-utilizzo-di-beni-terzi";"funzioni relative alla cultura ed ai beni culturali";"";"";"";""
"preventivo";"4";"quadro-4-riepilogo-spese-correnti-utilizzo-di-beni-terzi";"funzioni relative alla giustizia";"";"";"";""
"preventivo";"4";"quadro-4-riepilogo-spese-correnti-utilizzo-di-beni-terzi";"funzioni riguardanti la gestione del territorio e dell'ambiente";"";"";"";""
"preventivo";"4";"quadro-4-riepilogo-spese-correnti-utilizzo-di-beni-terzi";"totale";"Altre spese per interventi correnti";"interventi";"spese correnti";"spese"
"preventivo";"4";"quadro-4-riepilogo-spese-correnti";"";"";"";"";""
"preventivo";"4";"quadro-4-riepilogo-spese-correnti";"( * ) gli importi vanno riportati con due zero dopo la virgola.";"";"";"";""
"preventivo";"4";"quadro-4-riepilogo-spese-correnti";"( n.c.) il campo deve contenere un valore e pertanto risulta non compilato dall'ente";"";"";"";""
"preventivo";"4";"quadro-4-riepilogo-spese-correnti";"(1) gli importi vanno riportati con due zero dopo la virgola.";"";"";"";""
"preventivo";"4";"quadro-4-riepilogo-spese-correnti";"funzione di istruzione pubblica";"Istruzione";"funzioni";"spese correnti";"spese"
"preventivo";"4";"quadro-4-riepilogo-spese-correnti";"funzioni di polizia locale";"Polizia locale";"funzioni";"spese correnti";"spese"
"preventivo";"4";"quadro-4-riepilogo-spese-correnti";"funzioni generali di amministrazione, di gestione e di controllo";"Amministrazione";"funzioni";"spese correnti";"spese"
"preventivo";"4";"quadro-4-riepilogo-spese-correnti";"funzioni nel campo della viabilità e dei trasporti";"Viabilità e trasporti";"funzioni";"spese correnti";"spese"
"preventivo";"4";"quadro-4-riepilogo-spese-correnti";"funzioni nel campo dello sviluppo economico";"Sviluppo economico";"funzioni";"spese correnti";"spese"
"preventivo";"4";"quadro-4-riepilogo-spese-correnti";"funzioni nel campo turistico";"Turismo";"funzioni";"spese correnti";"spese"
"preventivo";"4";"quadro-4-riepilogo-spese-correnti";"funzioni nel settore sociale";"Sociale";"funzioni";"spese correnti";"spese"
"preventivo";"4";"quadro-4-riepilogo-spese-correnti";"funzioni nel settore sportivo e ricreativo";"Sport";"funzioni";"spese correnti";"spese"
"preventivo";"4";"quadro-4-riepilogo-spese-correnti";"funzioni relative ai servizi produttivi";"Servizi produttivi";"funzioni";"spese correnti";"spese"
"preventivo";"4";"quadro-4-riepilogo-spese-correnti";"funzioni relative alla cultura ed ai beni culturali";"Cultura";"funzioni";"spese correnti";"spese"
"preventivo";"4";"quadro-4-riepilogo-spese-correnti";"funzioni relative alla giustizia";"Giustizia";"funzioni";"spese correnti";"spese"
"preventivo";"4";"quadro-4-riepilogo-spese-correnti";"funzioni riguardanti la gestione del territorio e dell'ambiente";"Territorio e ambiente";"funzioni";"spese correnti";"spese"
"preventivo";"4";"quadro-4-riepilogo-spese-correnti";"l'arrotondamento  è effettuato per difetto qualora la prima cifra decimale sia inferiore a cinque.";"";"";"";""
"preventivo";"4";"quadro-4-riepilogo-spese-correnti";"l'arrotondamento dell'ultima unità è effettuato per eccesso qualora la prima cifra decimale sia superiore o uguale a cinque;";"";"";"";""
"preventivo";"4";"quadro-4-riepilogo-spese-correnti";"l'arrotondamento è effettuato per difetto qualora la prima cifra decimale sia inferiore a cinque.";"";"";"";""
"preventivo";"4";"quadro-4-riepilogo-spese-correnti";"totale";"Personale";"interventi";"spese correnti";"spese"
"preventivo";"4";"quadro-4-riepilogo-spese-correnti";"totale";"Prestazioni di servizi";"interventi";"spese correnti";"spese"
"preventivo";"4";"quadro-4-riepilogo-spese-correnti";"totale";"Trasferimenti";"interventi";"spese correnti";"spese"
"preventivo";"4";"quadro-4-riepilogo-spese-correnti";"totale";"Interessi passivi e oneri finanziari diversi";"interventi";"spese correnti";"spese"
"preventivo";"4";"quadro-4-riepilogo-spese-correnti";"totale";"Altre spese per interventi correnti";"interventi";"spese correnti";"spese"
"preventivo";"4";"quadro-4-riepilogo-spese-correnti";"totale";"";"TOTALE";"spese correnti";"spese"
"preventivo";"5";"quadro-5-riepilogo-spese-in-conto-capitale-totale";"funzione di istruzione pubblica";"Istruzione";"funzioni";"spese per investimenti";"spese"
"preventivo";"5";"quadro-5-riepilogo-spese-in-conto-capitale-totale";"funzione di polizia locale";"Polizia locale";"funzioni";"spese per investimenti";"spese"
"preventivo";"5";"quadro-5-riepilogo-spese-in-conto-capitale-totale";"funzioni generali di amministrazione, di gestione e di controllo";"Amministrazione";"funzioni";"spese per investimenti";"spese"
"preventivo";"5";"quadro-5-riepilogo-spese-in-conto-capitale-totale";"funzioni nel campo della viabilità e dei trasporti";"Viabilità e trasporti";"funzioni";"spese per investimenti";"spese"
"preventivo";"5";"quadro-5-riepilogo-spese-in-conto-capitale-totale";"funzioni nel campo dello sviluppo economico";"Sviluppo economico";"funzioni";"spese per investimenti";"spese"
"preventivo";"5";"quadro-5-riepilogo-spese-in-conto-capitale-totale";"funzioni nel campo turistico";"Turismo";"funzioni";"spese per investimenti";"spese"
"preventivo";"5";"quadro-5-riepilogo-spese-in-conto-capitale-totale";"funzioni nel settore sociale";"Sociale";"funzioni";"spese per investimenti";"spese"
"preventivo";"5";"quadro-5-riepilogo-spese-in-conto-capitale-totale";"funzioni nel settore sportivo e ricreativo";"Sport";"funzioni";"spese per investimenti";"spese"
"preventivo";"5";"quadro-5-riepilogo-spese-in-conto-capitale-totale";"funzioni relative a servizi produttivi";"Servizi produttivi";"funzioni";"spese per investimenti";"spese"
"preventivo";"5";"quadro-5-riepilogo-spese-in-conto-capitale-totale";"funzioni relative alla cultura ed ai beni culturali";"Cultura";"funzioni";"spese per investimenti";"spese"
"preventivo";"5";"quadro-5-riepilogo-spese-in-conto-capitale-totale";"funzioni relative alla giustizia";"Giustizia";"funzioni";"spese per investimenti";"spese"
"preventivo";"5";"quadro-5-riepilogo-spese-in-conto-capitale-totale";"funzioni riguardanti la gestione del territorio e dell'ambiente";"Territorio e ambiente";"funzioni";"spese per investimenti";"spese"
"preventivo";"5";"quadro-5-riepilogo-spese-in-conto-capitale-totale";"totale";"";"TOTALE";"spese per investimenti";"spese"
"preventivo";"5";"quadro-5-riepilogo-spese-in-conto-capitale-trasferimenti-di-capitali";"funzione di istruzione pubblica";"";"";"";""
"preventivo";"5";"quadro-5-riepilogo-spese-in-conto-capitale-trasferimenti-di-capitali";"funzione di polizia locale";"";"";"";""
"preventivo";"5";"quadro-5-riepilogo-spese-in-conto-capitale-trasferimenti-di-capitali";"funzioni generali di amministrazione, di gestione e di controllo";"";"";"";""
"preventivo";"5";"quadro-5-riepilogo-spese-in-conto-capitale-trasferimenti-di-capitali";"funzioni nel campo della viabilità e dei trasporti";"";"";"";""
"preventivo";"5";"quadro-5-riepilogo-spese-in-conto-capitale-trasferimenti-di-capitali";"funzioni nel campo dello sviluppo economico";"";"";"";""
"preventivo";"5";"quadro-5-riepilogo-spese-in-conto-capitale-trasferimenti-di-capitali";"funzioni nel campo turistico";"";"";"";""
"preventivo";"5";"quadro-5-riepilogo-spese-in-conto-capitale-trasferimenti-di-capitali";"funzioni nel settore sociale";"";"";"";""
"preventivo";"5";"quadro-5-riepilogo-spese-in-conto-capitale-trasferimenti-di-capitali";"funzioni nel settore sportivo e ricreativo";"";"";"";""
"preventivo";"5";"quadro-5-riepilogo-spese-in-conto-capitale-trasferimenti-di-capitali";"funzioni relative a servizi produttivi";"";"";"";""
"preventivo";"5";"quadro-5-riepilogo-spese-in-conto-capitale-trasferimenti-di-capitali";"funzioni relative alla cultura ed ai beni culturali";"";"";"";""
"preventivo";"5";"quadro-5-riepilogo-spese-in-conto-capitale-trasferimenti-di-capitali";"funzioni relative alla giustizia";"";"";"";""
"preventivo";"5";"quadro-5-riepilogo-spese-in-conto-capitale-trasferimenti-di-capitali";"funzioni riguardanti la gestione del territorio e dell'ambiente";"";"";"";""
"preventivo";"5";"quadro-5-riepilogo-spese-in-conto-capitale-trasferimenti-di-capitali";"totale";"";"";"";""
"preventivo";"5";"quadro-5-riepilogo-spese-in-conto-capitale";"";"";"";"";""
"preventivo";"5";"quadro-5-riepilogo-spese-in-conto-capitale";"( * ) gli importi vanno riportati con due zero dopo la virgola.";"";"";"";""
"preventivo";"5";"quadro-5-riepilogo-spese-in-conto-capitale";"( n.c.) il campo deve contenere un valore e pertanto risulta non compilato dall'ente";"";"";"";""
"preventivo";"5";"quadro-5-riepilogo-spese-in-conto-capitale";"(1) gli importi vanno riportati con due zero dopo la virgola.";"";"";"";""
"preventivo";"5";"quadro-5-riepilogo-spese-in-conto-capitale";"funzione di istruzione pubblica";"Istruzione";"funzioni";"spese per investimenti";"spese"
"preventivo";"5";"quadro-5-riepilogo-spese-in-conto-capitale";"funzione di polizia locale";"Polizia locale";"funzioni";"spese per investimenti";"spese"
"preventivo";"5";"quadro-5-riepilogo-spese-in-conto-capitale";"funzioni di polizia locale";"Polizia locale";"funzioni";"spese per investimenti";"spese"
"preventivo";"5";"quadro-5-riepilogo-spese-in-conto-capitale";"funzioni generali di amministrazione, di gestione e di controllo";"Amministrazione";"funzioni";"spese per investimenti";"spese"
"preventivo";"5";"quadro-5-riepilogo-spese-in-conto-capitale";"funzioni nel campo della viabilità e dei trasporti";"Viabilità e trasporti";"funzioni";"spese per investimenti";"spese"
"preventivo";"5";"quadro-5-riepilogo-spese-in-conto-capitale";"funzioni nel campo dello sviluppo economico";"Sviluppo economico";"funzioni";"spese per investimenti";"spese"
"preventivo";"5";"quadro-5-riepilogo-spese-in-conto-capitale";"funzioni nel campo turistico";"Turismo";"funzioni";"spese per investimenti";"spese"
"preventivo";"5";"quadro-5-riepilogo-spese-in-conto-capitale";"funzioni nel settore sociale";"Sociale";"funzioni";"spese per investimenti";"spese"
"preventivo";"5";"quadro-5-riepilogo-spese-in-conto-capitale";"funzioni nel settore sportivo e ricreativo";"Sport";"funzioni";"spese per investimenti";"spese"
"preventivo";"5";"quadro-5-riepilogo-spese-in-conto-capitale";"funzioni relative a servizi produttivi";"Servizi produttivi";"funzioni";"spese per investimenti";"spese"
"preventivo";"5";"quadro-5-riepilogo-spese-in-conto-capitale";"funzioni relative alla cultura ed ai beni culturali";"Cultura";"funzioni";"spese per investimenti";"spese"
"preventivo";"5";"quadro-5-riepilogo-spese-in-conto-capitale";"funzioni relative alla giustizia";"Giustizia";"funzioni";"spese per investimenti";"spese"
"preventivo";"5";"quadro-5-riepilogo-spese-in-conto-capitale";"funzioni riguardanti la gestione del territorio e dell'ambiente";"Territorio e ambiente";"funzioni";"spese per investimenti";"spese"
"preventivo";"5";"quadro-5-riepilogo-spese-in-conto-capitale";"l'arrotondamento  è effettuato per difetto qualora la prima cifra decimale sia inferiore a cinque.";"";"";"";""
"preventivo";"5";"quadro-5-riepilogo-spese-in-conto-capitale";"l'arrotondamento dell'ultima unità è effettuato per eccesso qualora la prima cifra decimale sia superiore o uguale a cinque;";"";"";"";""
"preventivo";"5";"quadro-5-riepilogo-spese-in-conto-capitale";"l'arrotondamento è effettuato per difetto qualora la prima cifra decimale sia inferiore a cinque.";"";"";"";""
"preventivo";"5";"quadro-5-riepilogo-spese-in-conto-capitale";"totale";"Acquisizione di beni immobili";"interventi";"spese per investimenti";"spese"
"preventivo";"5";"quadro-5-riepilogo-spese-in-conto-capitale";"totale";"Incarichi professionali esterni";"interventi";"spese per investimenti";"spese"
"preventivo";"5";"quadro-5-riepilogo-spese-in-conto-capitale";"totale";"Trasferimenti di capitale";"interventi";"spese per investimenti";"spese"
"preventivo";"5";"quadro-5-riepilogo-spese-in-conto-capitale";"totale";"Partecipazioni azionarie";"interventi";"spese per investimenti";"spese"
"preventivo";"5";"quadro-5-riepilogo-spese-in-conto-capitale";"totale";"Acquisizioni di beni mobili";"interventi";"spese per investimenti";"spese"
"preventivo";"5";"quadro-5-riepilogo-spese-in-conto-capitale";"totale";"Conferimenti di capitale";"interventi";"spese per investimenti";"spese"
"preventivo";"5";"quadro-5-riepilogo-spese-in-conto-capitale";"totale";"Altri investimenti per interventi";"interventi";"spese per investimenti";"spese"
"preventivo";"5";"quadro-5-riepilogo-spese-in-conto-capitale";"totale";"Concessioni di crediti e anticipazioni";"interventi";"spese per investimenti";"spese"
"preventivo";"5";"quadro-5-riepilogo-spese-in-conto-capitale";"totale";"";"totale";"spese per investimenti";"spese"
"preventivo";"5";"quadro-5-riepilogo-spese-in-conto-capitaleacquisizione-di-beni-immobili";"funzione di istruzione pubblica";"";"";"";""
"preventivo";"5";"quadro-5-riepilogo-spese-in-conto-capitaleacquisizione-di-beni-immobili";"funzione di polizia locale";"";"";"";""
"preventivo";"5";"quadro-5-riepilogo-spese-in-conto-capitaleacquisizione-di-beni-immobili";"funzioni generali di amministrazione, di gestione e di controllo";"";"";"";""
"preventivo";"5";"quadro-5-riepilogo-spese-in-conto-capitaleacquisizione-di-beni-immobili";"funzioni nel campo della viabilità e dei trasporti";"";"";"";""
"preventivo";"5";"quadro-5-riepilogo-spese-in-conto-capitaleacquisizione-di-beni-immobili";"funzioni nel campo dello sviluppo economico";"";"";"";""
"preventivo";"5";"quadro-5-riepilogo-spese-in-conto-capitaleacquisizione-di-beni-immobili";"funzioni nel campo turistico";"";"";"";""
"preventivo";"5";"quadro-5-riepilogo-spese-in-conto-capitaleacquisizione-di-beni-immobili";"funzioni nel settore sociale";"";"";"";""
"preventivo";"5";"quadro-5-riepilogo-spese-in-conto-capitaleacquisizione-di-beni-immobili";"funzioni nel settore sportivo e ricreativo";"";"";"";""
"preventivo";"5";"quadro-5-riepilogo-spese-in-conto-capitaleacquisizione-di-beni-immobili";"funzioni relative a servizi produttivi";"";"";"";""
"preventivo";"5";"quadro-5-riepilogo-spese-in-conto-capitaleacquisizione-di-beni-immobili";"funzioni relative alla cultura ed ai beni culturali";"";"";"";""
"preventivo";"5";"quadro-5-riepilogo-spese-in-conto-capitaleacquisizione-di-beni-immobili";"funzioni relative alla giustizia";"";"";"";""
"preventivo";"5";"quadro-5-riepilogo-spese-in-conto-capitaleacquisizione-di-beni-immobili";"funzioni riguardanti la gestione del territorio e dell'ambiente";"";"";"";""
"preventivo";"5";"quadro-5-riepilogo-spese-in-conto-capitaleacquisizione-di-beni-immobili";"totale";"Acquisizione di beni immobili";"interventi";"spese per investimenti";"spese"
"preventivo";"5";"quadro-5-riepilogo-spese-in-conto-capitaleacquisto-di-beni-specifici-per-realizzazioni-in-economia";"funzione di istruzione pubblica";"";"";"";""
"preventivo";"5";"quadro-5-riepilogo-spese-in-conto-capitaleacquisto-di-beni-specifici-per-realizzazioni-in-economia";"funzione di polizia locale";"";"";"";""
"preventivo";"5";"quadro-5-riepilogo-spese-in-conto-capitaleacquisto-di-beni-specifici-per-realizzazioni-in-economia";"funzioni generali di amministrazione, di gestione e di controllo";"";"";"";""
"preventivo";"5";"quadro-5-riepilogo-spese-in-conto-capitaleacquisto-di-beni-specifici-per-realizzazioni-in-economia";"funzioni nel campo della viabilità e dei trasporti";"";"";"";""
"preventivo";"5";"quadro-5-riepilogo-spese-in-conto-capitaleacquisto-di-beni-specifici-per-realizzazioni-in-economia";"funzioni nel campo dello sviluppo economico";"";"";"";""
"preventivo";"5";"quadro-5-riepilogo-spese-in-conto-capitaleacquisto-di-beni-specifici-per-realizzazioni-in-economia";"funzioni nel campo turistico";"";"";"";""
"preventivo";"5";"quadro-5-riepilogo-spese-in-conto-capitaleacquisto-di-beni-specifici-per-realizzazioni-in-economia";"funzioni nel settore sociale";"";"";"";""
"preventivo";"5";"quadro-5-riepilogo-spese-in-conto-capitaleacquisto-di-beni-specifici-per-realizzazioni-in-economia";"funzioni nel settore sportivo e ricreativo";"";"";"";""
"preventivo";"5";"quadro-5-riepilogo-spese-in-conto-capitaleacquisto-di-beni-specifici-per-realizzazioni-in-economia";"funzioni relative a servizi produttivi";"";"";"";""
"preventivo";"5";"quadro-5-riepilogo-spese-in-conto-capitaleacquisto-di-beni-specifici-per-realizzazioni-in-economia";"funzioni relative alla cultura ed ai beni culturali";"";"";"";""
"preventivo";"5";"quadro-5-riepilogo-spese-in-conto-capitaleacquisto-di-beni-specifici-per-realizzazioni-in-economia";"funzioni relative alla giustizia";"";"";"";""
"preventivo";"5";"quadro-5-riepilogo-spese-in-conto-capitaleacquisto-di-beni-specifici-per-realizzazioni-in-economia";"funzioni riguardanti la gestione del territorio e dell'ambiente";"";"";"";""
"preventivo";"5";"quadro-5-riepilogo-spese-in-conto-capitaleacquisto-di-beni-specifici-per-realizzazioni-in-economia";"totale";"Altri investimenti per interventi";"interventi";"spese per investimenti";"spese"
"preventivo";"5";"quadro-5-riepilogo-spese-in-conto-capitaleaquisizione-di-beni-mobili-macchine-ed-attrezzature-tecnico-scientifiche";"funzione di istruzione pubblica";"";"";"";""
"preventivo";"5";"quadro-5-riepilogo-spese-in-conto-capitaleaquisizione-di-beni-mobili-macchine-ed-attrezzature-tecnico-scientifiche";"funzione di polizia locale";"";"";"";""
"preventivo";"5";"quadro-5-riepilogo-spese-in-conto-capitaleaquisizione-di-beni-mobili-macchine-ed-attrezzature-tecnico-scientifiche";"funzioni generali di amministrazione, di gestione e di controllo";"";"";"";""
"preventivo";"5";"quadro-5-riepilogo-spese-in-conto-capitaleaquisizione-di-beni-mobili-macchine-ed-attrezzature-tecnico-scientifiche";"funzioni nel campo della viabilità e dei trasporti";"";"";"";""
"preventivo";"5";"quadro-5-riepilogo-spese-in-conto-capitaleaquisizione-di-beni-mobili-macchine-ed-attrezzature-tecnico-scientifiche";"funzioni nel campo dello sviluppo economico";"";"";"";""
"preventivo";"5";"quadro-5-riepilogo-spese-in-conto-capitaleaquisizione-di-beni-mobili-macchine-ed-attrezzature-tecnico-scientifiche";"funzioni nel campo turistico";"";"";"";""
"preventivo";"5";"quadro-5-riepilogo-spese-in-conto-capitaleaquisizione-di-beni-mobili-macchine-ed-attrezzature-tecnico-scientifiche";"funzioni nel settore sociale";"";"";"";""
"preventivo";"5";"quadro-5-riepilogo-spese-in-conto-capitaleaquisizione-di-beni-mobili-macchine-ed-attrezzature-tecnico-scientifiche";"funzioni nel settore sportivo e ricreativo";"";"";"";""
"preventivo";"5";"quadro-5-riepilogo-spese-in-conto-capitaleaquisizione-di-beni-mobili-macchine-ed-attrezzature-tecnico-scientifiche";"funzioni relative a servizi produttivi";"";"";"";""
"preventivo";"5";"quadro-5-riepilogo-spese-in-conto-capitaleaquisizione-di-beni-mobili-macchine-ed-attrezzature-tecnico-scientifiche";"funzioni relative alla cultura ed ai beni culturali";"";"";"";""
"preventivo";"5";"quadro-5-riepilogo-spese-in-conto-capitaleaquisizione-di-beni-mobili-macchine-ed-attrezzature-tecnico-scientifiche";"funzioni relative alla giustizia";"";"";"";""
"preventivo";"5";"quadro-5-riepilogo-spese-in-conto-capitaleaquisizione-di-beni-mobili-macchine-ed-attrezzature-tecnico-scientifiche";"funzioni riguardanti la gestione del territorio e dell'ambiente";"";"";"";""
"preventivo";"5";"quadro-5-riepilogo-spese-in-conto-capitaleaquisizione-di-beni-mobili-macchine-ed-attrezzature-tecnico-scientifiche";"totale";"Acquisizioni di beni mobili";"interventi";"spese per investimenti";"spese"
"preventivo";"5";"quadro-5-riepilogo-spese-in-conto-capitaleconcessioni-di-crediti-e-anticipazioni";"funzione di istruzione pubblica";"";"";"";""
"preventivo";"5";"quadro-5-riepilogo-spese-in-conto-capitaleconcessioni-di-crediti-e-anticipazioni";"funzione di polizia locale";"";"";"";""
"preventivo";"5";"quadro-5-riepilogo-spese-in-conto-capitaleconcessioni-di-crediti-e-anticipazioni";"funzioni generali di amministrazione, di gestione e di controllo";"";"";"";""
"preventivo";"5";"quadro-5-riepilogo-spese-in-conto-capitaleconcessioni-di-crediti-e-anticipazioni";"funzioni nel campo della viabilità e dei trasporti";"";"";"";""
"preventivo";"5";"quadro-5-riepilogo-spese-in-conto-capitaleconcessioni-di-crediti-e-anticipazioni";"funzioni nel campo dello sviluppo economico";"";"";"";""
"preventivo";"5";"quadro-5-riepilogo-spese-in-conto-capitaleconcessioni-di-crediti-e-anticipazioni";"funzioni nel campo turistico";"";"";"";""
"preventivo";"5";"quadro-5-riepilogo-spese-in-conto-capitaleconcessioni-di-crediti-e-anticipazioni";"funzioni nel settore sociale";"";"";"";""
"preventivo";"5";"quadro-5-riepilogo-spese-in-conto-capitaleconcessioni-di-crediti-e-anticipazioni";"funzioni nel settore sportivo e ricreativo";"";"";"";""
"preventivo";"5";"quadro-5-riepilogo-spese-in-conto-capitaleconcessioni-di-crediti-e-anticipazioni";"funzioni relative a servizi produttivi";"";"";"";""
"preventivo";"5";"quadro-5-riepilogo-spese-in-conto-capitaleconcessioni-di-crediti-e-anticipazioni";"funzioni relative alla cultura ed ai beni culturali";"";"";"";""
"preventivo";"5";"quadro-5-riepilogo-spese-in-conto-capitaleconcessioni-di-crediti-e-anticipazioni";"funzioni relative alla giustizia";"";"";"";""
"preventivo";"5";"quadro-5-riepilogo-spese-in-conto-capitaleconcessioni-di-crediti-e-anticipazioni";"funzioni riguardanti la gestione del territorio e dell'ambiente";"";"";"";""
"preventivo";"5";"quadro-5-riepilogo-spese-in-conto-capitaleconcessioni-di-crediti-e-anticipazioni";"totale";"Altri investimenti per interventi";"interventi";"spese per investimenti";"spese"
"preventivo";"5";"quadro-5-riepilogo-spese-in-conto-capitaleconferimenti-di-capitale";"funzione di istruzione pubblica";"";"";"";""
"preventivo";"5";"quadro-5-riepilogo-spese-in-conto-capitaleconferimenti-di-capitale";"funzione di polizia locale";"";"";"";""
"preventivo";"5";"quadro-5-riepilogo-spese-in-conto-capitaleconferimenti-di-capitale";"funzioni generali di amministrazione, di gestione e di controllo";"";"";"";""
"preventivo";"5";"quadro-5-riepilogo-spese-in-conto-capitaleconferimenti-di-capitale";"funzioni nel campo della viabilità e dei trasporti";"";"";"";""
"preventivo";"5";"quadro-5-riepilogo-spese-in-conto-capitaleconferimenti-di-capitale";"funzioni nel campo dello sviluppo economico";"";"";"";""
"preventivo";"5";"quadro-5-riepilogo-spese-in-conto-capitaleconferimenti-di-capitale";"funzioni nel campo turistico";"";"";"";""
"preventivo";"5";"quadro-5-riepilogo-spese-in-conto-capitaleconferimenti-di-capitale";"funzioni nel settore sociale";"";"";"";""
"preventivo";"5";"quadro-5-riepilogo-spese-in-conto-capitaleconferimenti-di-capitale";"funzioni nel settore sportivo e ricreativo";"";"";"";""
"preventivo";"5";"quadro-5-riepilogo-spese-in-conto-capitaleconferimenti-di-capitale";"funzioni relative a servizi produttivi";"";"";"";""
"preventivo";"5";"quadro-5-riepilogo-spese-in-conto-capitaleconferimenti-di-capitale";"funzioni relative alla cultura ed ai beni culturali";"";"";"";""
"preventivo";"5";"quadro-5-riepilogo-spese-in-conto-capitaleconferimenti-di-capitale";"funzioni relative alla giustizia";"";"";"";""
"preventivo";"5";"quadro-5-riepilogo-spese-in-conto-capitaleconferimenti-di-capitale";"funzioni riguardanti la gestione del territorio e dell'ambiente";"";"";"";""
"preventivo";"5";"quadro-5-riepilogo-spese-in-conto-capitaleconferimenti-di-capitale";"totale";"Conferimenti di capitale";"interventi";"spese per investimenti";"spese"
"preventivo";"5";"quadro-5-riepilogo-spese-in-conto-capitaleespropri-e-servit-onerose";"funzione di istruzione pubblica";"";"";"";""
"preventivo";"5";"quadro-5-riepilogo-spese-in-conto-capitaleespropri-e-servit-onerose";"funzione di polizia locale";"";"";"";""
"preventivo";"5";"quadro-5-riepilogo-spese-in-conto-capitaleespropri-e-servit-onerose";"funzioni generali di amministrazione, di gestione e di controllo";"";"";"";""
"preventivo";"5";"quadro-5-riepilogo-spese-in-conto-capitaleespropri-e-servit-onerose";"funzioni nel campo della viabilità e dei trasporti";"";"";"";""
"preventivo";"5";"quadro-5-riepilogo-spese-in-conto-capitaleespropri-e-servit-onerose";"funzioni nel campo dello sviluppo economico";"";"";"";""
"preventivo";"5";"quadro-5-riepilogo-spese-in-conto-capitaleespropri-e-servit-onerose";"funzioni nel campo turistico";"";"";"";""
"preventivo";"5";"quadro-5-riepilogo-spese-in-conto-capitaleespropri-e-servit-onerose";"funzioni nel settore sociale";"";"";"";""
"preventivo";"5";"quadro-5-riepilogo-spese-in-conto-capitaleespropri-e-servit-onerose";"funzioni nel settore sportivo e ricreativo";"";"";"";""
"preventivo";"5";"quadro-5-riepilogo-spese-in-conto-capitaleespropri-e-servit-onerose";"funzioni relative a servizi produttivi";"";"";"";""
"preventivo";"5";"quadro-5-riepilogo-spese-in-conto-capitaleespropri-e-servit-onerose";"funzioni relative alla cultura ed ai beni culturali";"";"";"";""
"preventivo";"5";"quadro-5-riepilogo-spese-in-conto-capitaleespropri-e-servit-onerose";"funzioni relative alla giustizia";"";"";"";""
"preventivo";"5";"quadro-5-riepilogo-spese-in-conto-capitaleespropri-e-servit-onerose";"funzioni riguardanti la gestione del territorio e dell'ambiente";"";"";"";""
"preventivo";"5";"quadro-5-riepilogo-spese-in-conto-capitaleespropri-e-servit-onerose";"totale";"Altri investimenti per interventi";"interventi";"spese per investimenti";"spese"
"preventivo";"5";"quadro-5-riepilogo-spese-in-conto-capitaleespropri-e-servitu-onerose";"funzione di istruzione pubblica";"";"";"";""
"preventivo";"5";"quadro-5-riepilogo-spese-in-conto-capitaleespropri-e-servitu-onerose";"funzione di polizia locale";"";"";"";""
"preventivo";"5";"quadro-5-riepilogo-spese-in-conto-capitaleespropri-e-servitu-onerose";"funzioni generali di amministrazione,di gestione e di controllo";"";"";"";""
"preventivo";"5";"quadro-5-riepilogo-spese-in-conto-capitaleespropri-e-servitu-onerose";"funzioni nel campo della viabilità e dei trasporti";"";"";"";""
"preventivo";"5";"quadro-5-riepilogo-spese-in-conto-capitaleespropri-e-servitu-onerose";"funzioni nel campo dello sviluppo economico";"";"";"";""
"preventivo";"5";"quadro-5-riepilogo-spese-in-conto-capitaleespropri-e-servitu-onerose";"funzioni nel campo turistico";"";"";"";""
"preventivo";"5";"quadro-5-riepilogo-spese-in-conto-capitaleespropri-e-servitu-onerose";"funzioni nel settore sociale";"";"";"";""
"preventivo";"5";"quadro-5-riepilogo-spese-in-conto-capitaleespropri-e-servitu-onerose";"funzioni nel settore sportivo e ricreativo";"";"";"";""
"preventivo";"5";"quadro-5-riepilogo-spese-in-conto-capitaleespropri-e-servitu-onerose";"funzioni relative a servizi produttivi";"";"";"";""
"preventivo";"5";"quadro-5-riepilogo-spese-in-conto-capitaleespropri-e-servitu-onerose";"funzioni relative alla cultura ed ai beni culturali";"";"";"";""
"preventivo";"5";"quadro-5-riepilogo-spese-in-conto-capitaleespropri-e-servitu-onerose";"funzioni relative alla giustizia";"";"";"";""
"preventivo";"5";"quadro-5-riepilogo-spese-in-conto-capitaleespropri-e-servitu-onerose";"funzioni riguardanti la gestione del territorio e dell'ambiente";"";"";"";""
"preventivo";"5";"quadro-5-riepilogo-spese-in-conto-capitaleespropri-e-servitu-onerose";"totale";"";"";"";""
"preventivo";"5";"quadro-5-riepilogo-spese-in-conto-capitaleincarichi-professionali-esterni";"funzione di istruzione pubblica";"";"";"";""
"preventivo";"5";"quadro-5-riepilogo-spese-in-conto-capitaleincarichi-professionali-esterni";"funzione di polizia locale";"";"";"";""
"preventivo";"5";"quadro-5-riepilogo-spese-in-conto-capitaleincarichi-professionali-esterni";"funzioni generali di amministrazione, di gestione e di controllo";"";"";"";""
"preventivo";"5";"quadro-5-riepilogo-spese-in-conto-capitaleincarichi-professionali-esterni";"funzioni nel campo della viabilità e dei trasporti";"";"";"";""
"preventivo";"5";"quadro-5-riepilogo-spese-in-conto-capitaleincarichi-professionali-esterni";"funzioni nel campo dello sviluppo economico";"";"";"";""
"preventivo";"5";"quadro-5-riepilogo-spese-in-conto-capitaleincarichi-professionali-esterni";"funzioni nel campo turistico";"";"";"";""
"preventivo";"5";"quadro-5-riepilogo-spese-in-conto-capitaleincarichi-professionali-esterni";"funzioni nel settore sociale";"";"";"";""
"preventivo";"5";"quadro-5-riepilogo-spese-in-conto-capitaleincarichi-professionali-esterni";"funzioni nel settore sportivo e ricreativo";"";"";"";""
"preventivo";"5";"quadro-5-riepilogo-spese-in-conto-capitaleincarichi-professionali-esterni";"funzioni relative a servizi produttivi";"";"";"";""
"preventivo";"5";"quadro-5-riepilogo-spese-in-conto-capitaleincarichi-professionali-esterni";"funzioni relative alla cultura ed ai beni culturali";"";"";"";""
"preventivo";"5";"quadro-5-riepilogo-spese-in-conto-capitaleincarichi-professionali-esterni";"funzioni relative alla giustizia";"";"";"";""
"preventivo";"5";"quadro-5-riepilogo-spese-in-conto-capitaleincarichi-professionali-esterni";"funzioni riguardanti la gestione del territorio e dell'ambiente";"";"";"";""
"preventivo";"5";"quadro-5-riepilogo-spese-in-conto-capitaleincarichi-professionali-esterni";"totale";"Incarichi professionali esterni";"interventi";"spese per investimenti";"spese"
"preventivo";"5";"quadro-5-riepilogo-spese-in-conto-capitalepartecipazioni-azionarie";"funzione di istruzione pubblica";"";"";"";""
"preventivo";"5";"quadro-5-riepilogo-spese-in-conto-capitalepartecipazioni-azionarie";"funzione di polizia locale";"";"";"";""
"preventivo";"5";"quadro-5-riepilogo-spese-in-conto-capitalepartecipazioni-azionarie";"funzioni generali di amministrazione, di gestione e di controllo";"";"";"";""
"preventivo";"5";"quadro-5-riepilogo-spese-in-conto-capitalepartecipazioni-azionarie";"funzioni nel campo della viabilità e dei trasporti";"";"";"";""
"preventivo";"5";"quadro-5-riepilogo-spese-in-conto-capitalepartecipazioni-azionarie";"funzioni nel campo dello sviluppo economico";"";"";"";""
"preventivo";"5";"quadro-5-riepilogo-spese-in-conto-capitalepartecipazioni-azionarie";"funzioni nel campo turistico";"";"";"";""
"preventivo";"5";"quadro-5-riepilogo-spese-in-conto-capitalepartecipazioni-azionarie";"funzioni nel settore sociale";"";"";"";""
"preventivo";"5";"quadro-5-riepilogo-spese-in-conto-capitalepartecipazioni-azionarie";"funzioni nel settore sportivo e ricreativo";"";"";"";""
"preventivo";"5";"quadro-5-riepilogo-spese-in-conto-capitalepartecipazioni-azionarie";"funzioni relative a servizi produttivi";"";"";"";""
"preventivo";"5";"quadro-5-riepilogo-spese-in-conto-capitalepartecipazioni-azionarie";"funzioni relative alla cultura ed ai beni culturali";"";"";"";""
"preventivo";"5";"quadro-5-riepilogo-spese-in-conto-capitalepartecipazioni-azionarie";"funzioni relative alla giustizia";"";"";"";""
"preventivo";"5";"quadro-5-riepilogo-spese-in-conto-capitalepartecipazioni-azionarie";"funzioni riguardanti la gestione del territorio e dell'ambiente";"";"";"";""
"preventivo";"5";"quadro-5-riepilogo-spese-in-conto-capitalepartecipazioni-azionarie";"totale";"Partecipazioni azionarie";"interventi";"spese per investimenti";"spese"
"preventivo";"5";"quadro-5-riepilogo-spese-in-conto-capitaletrasferimenti-di-capitali";"funzione di istruzione pubblica";"";"";"";""
"preventivo";"5";"quadro-5-riepilogo-spese-in-conto-capitaletrasferimenti-di-capitali";"funzione di polizia locale";"";"";"";""
"preventivo";"5";"quadro-5-riepilogo-spese-in-conto-capitaletrasferimenti-di-capitali";"funzioni generali di amministrazione, di gestione e di controllo";"";"";"";""
"preventivo";"5";"quadro-5-riepilogo-spese-in-conto-capitaletrasferimenti-di-capitali";"funzioni nel campo della viabilità e dei trasporti";"";"";"";""
"preventivo";"5";"quadro-5-riepilogo-spese-in-conto-capitaletrasferimenti-di-capitali";"funzioni nel campo dello sviluppo economico";"";"";"";""
"preventivo";"5";"quadro-5-riepilogo-spese-in-conto-capitaletrasferimenti-di-capitali";"funzioni nel campo turistico";"";"";"";""
"preventivo";"5";"quadro-5-riepilogo-spese-in-conto-capitaletrasferimenti-di-capitali";"funzioni nel settore sociale";"";"";"";""
"preventivo";"5";"quadro-5-riepilogo-spese-in-conto-capitaletrasferimenti-di-capitali";"funzioni nel settore sportivo e ricreativo";"";"";"";""
"preventivo";"5";"quadro-5-riepilogo-spese-in-conto-capitaletrasferimenti-di-capitali";"funzioni relative a servizi produttivi";"";"";"";""
"preventivo";"5";"quadro-5-riepilogo-spese-in-conto-capitaletrasferimenti-di-capitali";"funzioni relative alla cultura ed ai beni culturali";"";"";"";""
"preventivo";"5";"quadro-5-riepilogo-spese-in-conto-capitaletrasferimenti-di-capitali";"funzioni relative alla giustizia";"";"";"";""
"preventivo";"5";"quadro-5-riepilogo-spese-in-conto-capitaletrasferimenti-di-capitali";"funzioni riguardanti la gestione del territorio e dell'ambiente";"";"";"";""
"preventivo";"5";"quadro-5-riepilogo-spese-in-conto-capitaletrasferimenti-di-capitali";"totale";"Trasferimenti di capitale";"interventi";"spese per investimenti";"spese"
"preventivo";"5";"quadro-5-riepilogo-spese-in-conto-capitaleutilizzo-di-beni-di-terzi-per-realizzazioni-in-economia";"funzione di istruzione pubblica";"";"";"";""
"preventivo";"5";"quadro-5-riepilogo-spese-in-conto-capitaleutilizzo-di-beni-di-terzi-per-realizzazioni-in-economia";"funzione di polizia locale";"";"";"";""
"preventivo";"5";"quadro-5-riepilogo-spese-in-conto-capitaleutilizzo-di-beni-di-terzi-per-realizzazioni-in-economia";"funzioni generali di amministrazione, di gestione e di controllo";"";"";"";""
"preventivo";"5";"quadro-5-riepilogo-spese-in-conto-capitaleutilizzo-di-beni-di-terzi-per-realizzazioni-in-economia";"funzioni nel campo della viabilità e dei trasporti";"";"";"";""
"preventivo";"5";"quadro-5-riepilogo-spese-in-conto-capitaleutilizzo-di-beni-di-terzi-per-realizzazioni-in-economia";"funzioni nel campo dello sviluppo economico";"";"";"";""
"preventivo";"5";"quadro-5-riepilogo-spese-in-conto-capitaleutilizzo-di-beni-di-terzi-per-realizzazioni-in-economia";"funzioni nel campo turistico";"";"";"";""
"preventivo";"5";"quadro-5-riepilogo-spese-in-conto-capitaleutilizzo-di-beni-di-terzi-per-realizzazioni-in-economia";"funzioni nel settore sociale";"";"";"";""
"preventivo";"5";"quadro-5-riepilogo-spese-in-conto-capitaleutilizzo-di-beni-di-terzi-per-realizzazioni-in-economia";"funzioni nel settore sportivo e ricreativo";"";"";"";""
"preventivo";"5";"quadro-5-riepilogo-spese-in-conto-capitaleutilizzo-di-beni-di-terzi-per-realizzazioni-in-economia";"funzioni relative a servizi produttivi";"";"";"";""
"preventivo";"5";"quadro-5-riepilogo-spese-in-conto-capitaleutilizzo-di-beni-di-terzi-per-realizzazioni-in-economia";"funzioni relative alla cultura ed ai beni culturali";"";"";"";""
"preventivo";"5";"quadro-5-riepilogo-spese-in-conto-capitaleutilizzo-di-beni-di-terzi-per-realizzazioni-in-economia";"funzioni relative alla giustizia";"";"";"";""
"preventivo";"5";"quadro-5-riepilogo-spese-in-conto-capitaleutilizzo-di-beni-di-terzi-per-realizzazioni-in-economia";"funzioni riguardanti la gestione del territorio e dell'ambiente";"";"";"";""
"preventivo";"5";"quadro-5-riepilogo-spese-in-conto-capitaleutilizzo-di-beni-di-terzi-per-realizzazioni-in-economia";"totale";"Altri investimenti per interventi";"interventi";"spese per investimenti";"spese"
