"QUADRO 1 - DATI GENERALI AL 31 DICEMBRE 2013";"";"";"Popolazione residente";"01";"001";""
"QUADRO 1 - DATI GENERALI AL 31 DICEMBRE 2013";"";"";"Nuclei familiari (n.)";"01";"002";""
"QUADRO 1 - DATI GENERALI AL 31 DICEMBRE 2013";"";"";"Circoscrizioni (n.)";"01";"003";""
"QUADRO 1 - DATI GENERALI AL 31 DICEMBRE 2013";"";"";"Frazioni geografiche (n.)";"01";"004";""
"QUADRO 1 - DATI GENERALI AL 31 DICEMBRE 2013";"";"";"Superficie totale del Comune (ha)";"01";"005";""
"QUADRO 1 - DATI GENERALI AL 31 DICEMBRE 2013";"";"";"Superficie urbana (2) (ha)";"01";"006";""
"QUADRO 1 - DATI GENERALI AL 31 DICEMBRE 2013";"";"";"Lunghezza delle strade esterne(3) (Km) ";"01";"007";""
"QUADRO 1 - DATI GENERALI AL 31 DICEMBRE 2013";"";"";"di cui: in territorio montano(4) (Km)";"01";"008";""
"QUADRO 1 - DATI GENERALI AL 31 DICEMBRE 2013";"";"";"Lunghezza delle strade interne centro abitato (Km)";"01";"009";""
"QUADRO 1 - DATI GENERALI AL 31 DICEMBRE 2013";"";"";"di cui: in territorio montano(4) (Km)";"01";"010";""
"QUADRO 1 - DATI GENERALI AL 31 DICEMBRE 2013";"";"";"Piano regolatore approvato";"01";"011";""
"QUADRO 1 - DATI GENERALI AL 31 DICEMBRE 2013";"";"";"Piano regolatore adottato";"01";"012";""
"QUADRO 1 - DATI GENERALI AL 31 DICEMBRE 2013";"";"";"Programma di fabbricazione";"01";"013";""
"QUADRO 1 - DATI GENERALI AL 31 DICEMBRE 2013";"";"";"Programma pluriennale di attuazione";"01";"014";""
"QUADRO 1 - DATI GENERALI AL 31 DICEMBRE 2013";"";"";"Piano edilizia economica e popolare";"01";"015";""
"QUADRO 1 - DATI GENERALI AL 31 DICEMBRE 2013";"";"";"Piano per gli insediamenti produttivi";"01";"016";""
"QUADRO 1 - DATI GENERALI AL 31 DICEMBRE 2013";"";"";"_ industriali";"01";"017";""
"QUADRO 1 - DATI GENERALI AL 31 DICEMBRE 2013";"";"";"_ artigianali";"01";"018";""
"QUADRO 1 - DATI GENERALI AL 31 DICEMBRE 2013";"";"";"_ commerciali";"01";"019";""
"QUADRO 1 - DATI GENERALI AL 31 DICEMBRE 2013";"";"";"Piano delle attività commerciali";"01";"020";""
"QUADRO 1 - DATI GENERALI AL 31 DICEMBRE 2013";"";"";"Piano urbano del traffico";"01";"021";""
"QUADRO 1 - DATI GENERALI AL 31 DICEMBRE 2013";"";"";"Piano energetico ambientale comunale";"01";"022";""
"QUADRO 2 - ENTRATE";"Titolo I - Entrate Tributarie";"101";"Categoria 1° - Imposte";"02";"005";""
"QUADRO 2 - ENTRATE";"Titolo I - Entrate Tributarie";"";"I.M.U. al netto della quota Imu per alimentazione del fondo di solidarietà comunale (FSC) (9)";"02";"006";"consuntivo-entrate-accertamenti-imposte-e-tasse-imposte-casa-e-fabbricati"
"QUADRO 2 - ENTRATE";"Titolo I - Entrate Tributarie";"";"di cui:";"";"";""
"QUADRO 2 - ENTRATE";"Titolo I - Entrate Tributarie";"";"I.M.U. fattispecie diversa da abitazione principale";"02";"013";""
"QUADRO 2 - ENTRATE";"Titolo I - Entrate Tributarie";"";"Entrata a titolo di I.M.U. abitazione principale e pertinenze - normativa 2013 (8)";"02";"012";""
"QUADRO 2 - ENTRATE";"Titolo I - Entrate Tributarie";"";"Imposta di scopo";"02";"018";""
"QUADRO 2 - ENTRATE";"Titolo I - Entrate Tributarie";"";"Imposta di soggiorno comuni località turistiche";"02";"019";""
"QUADRO 2 - ENTRATE";"Titolo I - Entrate Tributarie";"";"Imposta comunale sulla pubblicità";"02";"020";""
"QUADRO 2 - ENTRATE";"Titolo I - Entrate Tributarie";"";"Addizionale IRPEF";"02";"026";""
"QUADRO 2 - ENTRATE";"Titolo I - Entrate Tributarie";"";"Altre imposte";"02";"030";""
"QUADRO 2 - ENTRATE";"Titolo I - Entrate Tributarie";"";"di cui:";"";"";""
"QUADRO 2 - ENTRATE";"Titolo I - Entrate Tributarie";"";"I.C.I. per poste esercizi precedenti (recupero evasione e 
altre fattispecie particolari)";"02";"031";""
"QUADRO 2 - ENTRATE";"Titolo I - Entrate Tributarie";"102";"Categoria 2° - Tasse";"02";"035";""
"QUADRO 2 - ENTRATE";"Titolo I - Entrate Tributarie";"";"Tributo comunale sui rifiuti e sui servizi (Tares) art. 14 co. 9 D.L. 201/11 (5)";"02";"037";""
"QUADRO 2 - ENTRATE";"Titolo I - Entrate Tributarie";"";"Tassa per l'occupazione degli spazi ed aree pubbliche";"02";"040";""
"QUADRO 2 - ENTRATE";"Titolo I - Entrate Tributarie";"";"Altre tasse";"02";"060";""
"QUADRO 2 - ENTRATE";"Titolo I - Entrate Tributarie";"";"di cui:";"";"";""
"QUADRO 2 - ENTRATE";"Titolo I - Entrate Tributarie";"";"Tassa per la raccolta e lo smaltimento dei rifiuti solidi urbani (recupero anni precedenti) (6)";"02";"045";""
"QUADRO 2 - ENTRATE";"Titolo I - Entrate Tributarie";"103";"Categoria 3° - Tributi speciali ed altre entrate tributarie proprie";"02";"065";""
"QUADRO 2 - ENTRATE";"Titolo I - Entrate Tributarie";"";"Entrate da fondo di solidarietà comunale ex art. 1 co. 380 - 380 bis L. 228/12";"02";"068";""
"QUADRO 2 - ENTRATE";"Titolo I - Entrate Tributarie";"";"Diritti sulle pubbliche affissioni";"02";"070";""
"QUADRO 2 - ENTRATE";"Titolo I - Entrate Tributarie";"";"Tributi speciali ed altre entrate tributarie proprie";"02";"075";""
"QUADRO 2 - ENTRATE";"Titolo I - Entrate Tributarie";"";"TOTALE ENTRATE TRIBUTARIE";"02";"080";""
"QUADRO 2 - ENTRATE";"Titolo I - Entrate Tributarie";"";"Quota IMU per alimentazione fondo di solidarietà comunale (10)";"02";"081";""
"QUADRO 2 - ENTRATE";"Titolo I - Entrate Tributarie";"";"TOTALE A PAREGGIO ( entrate tributarie + quota imu) (11)";"02";"082";""
"QUADRO 2 - ENTRATE";"Titolo II - ENTRATE DERIVANTI DA CONTRIBUTI E TRASFERIMENTI CORRENTI";"201";"Categoria 1° - Contributi e trasferimenti correnti dallo Stato";"02";"085";""
"QUADRO 2 - ENTRATE";"Titolo II - ENTRATE DERIVANTI DA CONTRIBUTI E TRASFERIMENTI CORRENTI";"";"Contributo per gli interventi dei comuni ( ex fondo sviluppo investimenti)";"02";"092";""
"QUADRO 2 - ENTRATE";"Titolo II - ENTRATE DERIVANTI DA CONTRIBUTI E TRASFERIMENTI CORRENTI";"";"Contributo compensativo minor gettito imu derivante da modifiche
 normative (art. 1 e 3 D.L. 102/13)";"02";"093";""
"QUADRO 2 - ENTRATE";"Titolo II - ENTRATE DERIVANTI DA CONTRIBUTI E TRASFERIMENTI CORRENTI";"";"Contributo compensativo minor gettito imu derivante da modifiche
 normative (art. 1 co. 3 e 4 D.L. 133/13)";"02";"094";""
"QUADRO 2 - ENTRATE";"Titolo II - ENTRATE DERIVANTI DA CONTRIBUTI E TRASFERIMENTI CORRENTI";"";"Contributo compensativo imu immobili comunali (art. 10 quater co. 1, 2, 3 D.L. 35/13)";"02";"098";""
"QUADRO 2 - ENTRATE";"Titolo II - ENTRATE DERIVANTI DA CONTRIBUTI E TRASFERIMENTI CORRENTI";"";"Contributo ad integrazione del fondo di solidarietà comunale (art. 2 co.1 D.L. 120/13)";"02";"099";""
"QUADRO 2 - ENTRATE";"Titolo II - ENTRATE DERIVANTI DA CONTRIBUTI E TRASFERIMENTI CORRENTI";"";"Altri contributi";"02";"100";""
"QUADRO 2 - ENTRATE";"Titolo II - ENTRATE DERIVANTI DA CONTRIBUTI E TRASFERIMENTI CORRENTI";"";"";"";"";""
"QUADRO 2 - ENTRATE";"Titolo II - ENTRATE DERIVANTI DA CONTRIBUTI E TRASFERIMENTI CORRENTI";"202";"Categoria 2° - Contributi e trasferimenti correnti dalla Regione";"02";"110";""
"QUADRO 2 - ENTRATE";"Titolo II - ENTRATE DERIVANTI DA CONTRIBUTI E TRASFERIMENTI CORRENTI";"";"Entrate da contribuzione regionale a specifica destinazione 
per finanziare spese di personale";"02";"111";""
"QUADRO 2 - ENTRATE";"Titolo II - ENTRATE DERIVANTI DA CONTRIBUTI E TRASFERIMENTI CORRENTI";"";"Per rimborso finanziamento statale ICI 
ex art. 1 co. 380 - 380 bis L. 228/12 (2)";"02";"112";""
"QUADRO 2 - ENTRATE";"Titolo II - ENTRATE DERIVANTI DA CONTRIBUTI E TRASFERIMENTI CORRENTI";"";"Contributi regionali sulle rate di ammortamento dei mutui";"02";"113";""
"QUADRO 2 - ENTRATE";"Titolo II - ENTRATE DERIVANTI DA CONTRIBUTI E TRASFERIMENTI CORRENTI";"203";"Categoria 3° - Contributi e trasferimenti correnti dalla Regione 
per funzioni delegate";"02";"115";""
"QUADRO 2 - ENTRATE";"Titolo II - ENTRATE DERIVANTI DA CONTRIBUTI E TRASFERIMENTI CORRENTI";"";"di cui:";"";"";""
"QUADRO 2 - ENTRATE";"Titolo II - ENTRATE DERIVANTI DA CONTRIBUTI E TRASFERIMENTI CORRENTI";"";"Entrate da contribuzione regionale a specifica destinazione per 
finanziare spese di personale (4)";"02";"116";""
"QUADRO 2 - ENTRATE";"Titolo II - ENTRATE DERIVANTI DA CONTRIBUTI E TRASFERIMENTI CORRENTI";"";"Categoria 4° - Contributi e trasferimenti da parte di organismi 
comunitari e internazionali";"02";"120";""
"QUADRO 2 - ENTRATE";"Titolo II - ENTRATE DERIVANTI DA CONTRIBUTI E TRASFERIMENTI CORRENTI";"";"Categoria 5° - Contributi e trasferimenti correnti da altri enti del 
settore pubblico";"02";"125";""
"QUADRO 2 - ENTRATE";"Titolo II - ENTRATE DERIVANTI DA CONTRIBUTI E TRASFERIMENTI CORRENTI";"";"di cui:";"";"";""
"QUADRO 2 - ENTRATE";"Titolo II - ENTRATE DERIVANTI DA CONTRIBUTI E TRASFERIMENTI CORRENTI";"";"- dalle Province per rimborso statale ICI ex art. 1 
co. 380 - 380 bis L. 228/12 (7)";"02";"130";""
"QUADRO 2 - ENTRATE";"Titolo II - ENTRATE DERIVANTI DA CONTRIBUTI E TRASFERIMENTI CORRENTI";"";"- dalle Province per altri contributi";"02";"131";""
"QUADRO 2 - ENTRATE";"Titolo II - ENTRATE DERIVANTI DA CONTRIBUTI E TRASFERIMENTI CORRENTI";"";"- da altri enti";"02";"132";""
"QUADRO 2 - ENTRATE";"Titolo II - ENTRATE DERIVANTI DA CONTRIBUTI E TRASFERIMENTI CORRENTI";"";"- da Comuni associati in Unione di comuni (3)";"02";"133";""
"QUADRO 2 - ENTRATE";"Titolo II - ENTRATE DERIVANTI DA CONTRIBUTI E TRASFERIMENTI CORRENTI";"";"TOTALE ENTRATE DERIVANTI DA CONTRIBUTI E
 TRASFERIMENTI CORRENTI";"02";"135";""
"QUADRO 2 - ENTRATE";"Titolo III - ENTRATE EXTRATRIBUTARIE";"301";"Categoria 1° - Proventi dei servizi pubblici";"02";"140";""
"QUADRO 2 - ENTRATE";"Titolo III - ENTRATE EXTRATRIBUTARIE";"";"Segreteria generale, personale e organizzazione";"02";"145";""
"QUADRO 2 - ENTRATE";"Titolo III - ENTRATE EXTRATRIBUTARIE";"";"Ufficio tecnico";"02";"150";""
"QUADRO 2 - ENTRATE";"Titolo III - ENTRATE EXTRATRIBUTARIE";"";"Anagrafe, stato civile, elettorale, leva e servizio statistico";"02";"155";""
"QUADRO 2 - ENTRATE";"Titolo III - ENTRATE EXTRATRIBUTARIE";"";"Uffici giudiziari";"02";"160";""
"QUADRO 2 - ENTRATE";"Titolo III - ENTRATE EXTRATRIBUTARIE";"";"Polizia municipale - Risorse generali";"02";"165";""
"QUADRO 2 - ENTRATE";"Titolo III - ENTRATE EXTRATRIBUTARIE";"";"Polizia municipale - Risorse finalizzate codice della strada";"02";"170";""
"QUADRO 2 - ENTRATE";"Titolo III - ENTRATE EXTRATRIBUTARIE";"";"Scuola materna 2";"02";"175";""
"QUADRO 2 - ENTRATE";"Titolo III - ENTRATE EXTRATRIBUTARIE";"";"Istruzione elementare";"02";"180";""
"QUADRO 2 - ENTRATE";"Titolo III - ENTRATE EXTRATRIBUTARIE";"";"Istruzione media";"02";"185";""
"QUADRO 2 - ENTRATE";"Titolo III - ENTRATE EXTRATRIBUTARIE";"";"Assistenza scolastica, trasporto, refezione, altri servizi";"02";"190";""
"QUADRO 2 - ENTRATE";"Titolo III - ENTRATE EXTRATRIBUTARIE";"";"Biblioteche, musei e pinacoteche";"02";"195";""
"QUADRO 2 - ENTRATE";"Titolo III - ENTRATE EXTRATRIBUTARIE";"";"Teatri, attività culturali e servizi diversi nel settore culturale";"02";"200";""
"QUADRO 2 - ENTRATE";"Titolo III - ENTRATE EXTRATRIBUTARIE";"";"Piscine comunali";"02";"205";""
"QUADRO 2 - ENTRATE";"Titolo III - ENTRATE EXTRATRIBUTARIE";"";"Stadio comunale, palazzo dello sport e altri impianti";"02";"210";""
"QUADRO 2 - ENTRATE";"Titolo III - ENTRATE EXTRATRIBUTARIE";"";"Manifestazioni diverse nel settore sportivo e ricreativo";"02";"215";""
"QUADRO 2 - ENTRATE";"Titolo III - ENTRATE EXTRATRIBUTARIE";"";"Servizi turistici";"02";"220";""
"QUADRO 2 - ENTRATE";"Titolo III - ENTRATE EXTRATRIBUTARIE";"";"Manifestazioni turistiche";"02";"225";""
"QUADRO 2 - ENTRATE";"Titolo III - ENTRATE EXTRATRIBUTARIE";"";"Viabilità, circolazione stradale e servizi connessi";"02";"230";""
"QUADRO 2 - ENTRATE";"Titolo III - ENTRATE EXTRATRIBUTARIE";"";"Trasporti pubblici locali e servizi connessi";"02";"235";""
"QUADRO 2 - ENTRATE";"Titolo III - ENTRATE EXTRATRIBUTARIE";"";"Urbanistica e gestione del territorio";"02";"240";""
"QUADRO 2 - ENTRATE";"Titolo III - ENTRATE EXTRATRIBUTARIE";"";"Edilizia residenziale pubblica locale e piani di edilizia econ. popol.";"02";"245";""
"QUADRO 2 - ENTRATE";"Titolo III - ENTRATE EXTRATRIBUTARIE";"";"Servizio idrico integrato";"02";"250";""
"QUADRO 2 - ENTRATE";"Titolo III - ENTRATE EXTRATRIBUTARIE";"";"Tariffa di igiene ambientale ex art. 49 D.Lgs. n. 22/97 - per poste esercizi precedenti (recupero evasione e altre fattispecie particolari)";"02";"255";""
"QUADRO 2 - ENTRATE";"Titolo III - ENTRATE EXTRATRIBUTARIE";"";"Tariffa integrata ambientale ex art. 238 D.Lgs. n. 152/06 - per poste esercizi precedenti (recupero evasione e altre fattispecie particolari)";"02";"256";""
"QUADRO 2 - ENTRATE";"Titolo III - ENTRATE EXTRATRIBUTARIE";"";"Asili nido, servizi per l'infanzia e per i minori";"02";"260";""
"QUADRO 2 - ENTRATE";"Titolo III - ENTRATE EXTRATRIBUTARIE";"";"Proventi servizi di prevenzione e riabilitazione";"02";"265";""
"QUADRO 2 - ENTRATE";"Titolo III - ENTRATE EXTRATRIBUTARIE";"";"Strutture residenziali e di ricovero per anziani";"02";"270";""
"QUADRO 2 - ENTRATE";"Titolo III - ENTRATE EXTRATRIBUTARIE";"";"Assistenza, beneficenza pubblica e servizi diversi alla persona";"02";"275";""
"QUADRO 2 - ENTRATE";"Titolo III - ENTRATE EXTRATRIBUTARIE";"";"Servizio necroscopico e cimiteriale";"02";"280";""
"QUADRO 2 - ENTRATE";"Titolo III - ENTRATE EXTRATRIBUTARIE";"";"Entrate da sanzioni amministrative, ammende e oblazioni";"02";"281";""
"QUADRO 2 - ENTRATE";"Titolo III - ENTRATE EXTRATRIBUTARIE";"";"Canone per l'installazione dei mezzi pubblicitari (CIMP) (5)";"02";"282";""
"QUADRO 2 - ENTRATE";"Titolo III - ENTRATE EXTRATRIBUTARIE";"";"Altri proventi";"02";"285";""
"QUADRO 2 - ENTRATE";"Titolo III - ENTRATE EXTRATRIBUTARIE";"302";"Categoria 2° - Proventi dei beni dell'ente";"02";"290";""
"QUADRO 2 - ENTRATE";"Titolo III - ENTRATE EXTRATRIBUTARIE";"";"C.O.S.A.P.";"02";"291";""
"QUADRO 2 - ENTRATE";"Titolo III - ENTRATE EXTRATRIBUTARIE";"";"Canone per concessioni cimiteriali ";"02";"292";""
"QUADRO 2 - ENTRATE";"Titolo III - ENTRATE EXTRATRIBUTARIE";"";"Altri proventi ";"02";"294";""
"QUADRO 2 - ENTRATE";"Titolo III - ENTRATE EXTRATRIBUTARIE";"303";"Categoria 3° - Interessi su anticipazioni o crediti";"02";"295";""
"QUADRO 2 - ENTRATE";"Titolo III - ENTRATE EXTRATRIBUTARIE";"304";"Categoria 4° - Utili netti delle aziende speciali e partecipate, dividendi di società";"02";"300";""
"QUADRO 2 - ENTRATE";"Titolo III - ENTRATE EXTRATRIBUTARIE";"";"Categoria 5° - Proventi diversi 2 305";"02";"305";""
"QUADRO 2 - ENTRATE";"Titolo III - ENTRATE EXTRATRIBUTARIE";"";"Rimborso spese per personale comandato o in convenzione";"02";"306";""
"QUADRO 2 - ENTRATE";"Titolo III - ENTRATE EXTRATRIBUTARIE";"";"Proventi diversi dal settore pubblico (2)";"02";"307";""
"QUADRO 2 - ENTRATE";"Titolo III - ENTRATE EXTRATRIBUTARIE";"";"Recuperi vari (3)";"02";"308";""
"QUADRO 2 - ENTRATE";"Titolo III - ENTRATE EXTRATRIBUTARIE";"";"Altri proventi diversi dalla fattispecie precedente";"02";"309";""
"QUADRO 2 - ENTRATE";"Titolo III - ENTRATE EXTRATRIBUTARIE";"";"TOTALE ENTRATE EXTRATRIBUTARIE";"02";"310";""
"QUADRO 2 - ENTRATE";"Titolo IV - ENTRATE DERIVANTI DA ALIENAZIONE, DA TRASFERIMENTI DI CAPITALI E DA RISCOSSIONI DI CREDITI";"401";"Categoria 1° - Alienazione di beni patrimoniali (2)";"02";"315";""
"QUADRO 2 - ENTRATE";"Titolo IV - ENTRATE DERIVANTI DA ALIENAZIONE, DA TRASFERIMENTI DI CAPITALI E DA RISCOSSIONI DI CREDITI";"";"Alienazione beni mobili e diritti reali su beni mobili";"02";"320";""
"QUADRO 2 - ENTRATE";"Titolo IV - ENTRATE DERIVANTI DA ALIENAZIONE, DA TRASFERIMENTI DI CAPITALI E DA RISCOSSIONI DI CREDITI";"";"Alienazione beni immobili e diritti reali su beni immobili";"02";"325";""
"QUADRO 2 - ENTRATE";"Titolo IV - ENTRATE DERIVANTI DA ALIENAZIONE, DA TRASFERIMENTI DI CAPITALI E DA RISCOSSIONI DI CREDITI";"";"di cui: - aree";"02";"330";""
"QUADRO 2 - ENTRATE";"Titolo IV - ENTRATE DERIVANTI DA ALIENAZIONE, DA TRASFERIMENTI DI CAPITALI E DA RISCOSSIONI DI CREDITI";"";"Concessione di beni demaniali";"02";"335";""
"QUADRO 2 - ENTRATE";"Titolo IV - ENTRATE DERIVANTI DA ALIENAZIONE, DA TRASFERIMENTI DI CAPITALI E DA RISCOSSIONI DI CREDITI";"";"Alienazione di beni patrimoniali diversi";"02";"340";""
"QUADRO 2 - ENTRATE";"Titolo IV - ENTRATE DERIVANTI DA ALIENAZIONE, DA TRASFERIMENTI DI CAPITALI E DA RISCOSSIONI DI CREDITI";"402";"Categoria 2° - Trasferimenti di capitali dallo Stato ";"02";"345";""
"QUADRO 2 - ENTRATE";"Titolo IV - ENTRATE DERIVANTI DA ALIENAZIONE, DA TRASFERIMENTI DI CAPITALI E DA RISCOSSIONI DI CREDITI";"403";"Categoria 3° - Trasferimenti di capitali dalla Regione ";"02";"350";""
"QUADRO 2 - ENTRATE";"Titolo IV - ENTRATE DERIVANTI DA ALIENAZIONE, DA TRASFERIMENTI DI CAPITALI E DA RISCOSSIONI DI CREDITI";"404";"Categoria 4° - Trasferimenti di capitali da altri enti del settore pubblico";"02";"355";""
"QUADRO 2 - ENTRATE";"Titolo IV - ENTRATE DERIVANTI DA ALIENAZIONE, DA TRASFERIMENTI DI CAPITALI E DA RISCOSSIONI DI CREDITI";"";"di cui: - dalle Province";"02";"360";""
"QUADRO 2 - ENTRATE";"Titolo IV - ENTRATE DERIVANTI DA ALIENAZIONE, DA TRASFERIMENTI DI CAPITALI E DA RISCOSSIONI DI CREDITI";"";"Categoria 5° - Trasferimenti di capitali da altri soggetti:";"02";"365";""
"QUADRO 2 - ENTRATE";"Titolo IV - ENTRATE DERIVANTI DA ALIENAZIONE, DA TRASFERIMENTI DI CAPITALI E DA RISCOSSIONI DI CREDITI";"";"Permessi di costruire e relative sanzioni";"02";"370";""
"QUADRO 2 - ENTRATE";"Titolo IV - ENTRATE DERIVANTI DA ALIENAZIONE, DA TRASFERIMENTI DI CAPITALI E DA RISCOSSIONI DI CREDITI";"";"Trasferimenti di capitale straordinari da altri soggetti";"02";"375";""
"QUADRO 2 - ENTRATE";"Titolo IV - ENTRATE DERIVANTI DA ALIENAZIONE, DA TRASFERIMENTI DI CAPITALI E DA RISCOSSIONI DI CREDITI";"";"di cui: - da imprese";"02";"380";""
"QUADRO 2 - ENTRATE";"Titolo IV - ENTRATE DERIVANTI DA ALIENAZIONE, DA TRASFERIMENTI DI CAPITALI E DA RISCOSSIONI DI CREDITI";"";"- da famiglie (eredità e donazioni)";"02";"385";""
"QUADRO 2 - ENTRATE";"Titolo IV - ENTRATE DERIVANTI DA ALIENAZIONE, DA TRASFERIMENTI DI CAPITALI E DA RISCOSSIONI DI CREDITI";"";"Categoria 6° - Riscossioni di crediti ";"02";"390";""
"QUADRO 2 - ENTRATE";"Titolo IV - ENTRATE DERIVANTI DA ALIENAZIONE, DA TRASFERIMENTI DI CAPITALI E DA RISCOSSIONI DI CREDITI";"";"TOTALE ENTRATE DERIVANTI DA ALIENAZIONE, TRASFERIMENTI DI CAPITALI E DA RISCOSSIONI DI CREDITI";"02";"395";""
"QUADRO 2 - ENTRATE";"Titolo IV - ENTRATE DERIVANTI DA ALIENAZIONE, DA TRASFERIMENTI DI CAPITALI E DA RISCOSSIONI DI CREDITI";"";"";"";"";""
"QUADRO 2 - ENTRATE";"Titolo V - ENTRATE DERIVANTI DA ACCENSIONI DI PRESTITI";"501";"Categoria 1° - Anticipazioni di cassa ";"02";"400";""
"QUADRO 2 - ENTRATE";"Titolo V - ENTRATE DERIVANTI DA ACCENSIONI DI PRESTITI";"502";"Categoria 2° - Finanziamenti a breve termine ";"02";"405";""
"QUADRO 2 - ENTRATE";"Titolo V - ENTRATE DERIVANTI DA ACCENSIONI DI PRESTITI";"503";"Categoria 3° - Assunzioni di mutui e prestiti ";"02";"410";""
"QUADRO 2 - ENTRATE";"Titolo V - ENTRATE DERIVANTI DA ACCENSIONI DI PRESTITI";"";"- Anticipazione di liquidità art. 1 c. 13 D.L. 35/13 ";"02";"411";""
"QUADRO 2 - ENTRATE";"Titolo V - ENTRATE DERIVANTI DA ACCENSIONI DI PRESTITI";"";"- Anticipazione sul fondo di rotazione stabilità finanziaria art. ter Tuel ";"02";"412";""
"QUADRO 2 - ENTRATE";"Titolo V - ENTRATE DERIVANTI DA ACCENSIONI DI PRESTITI";"504";"Categoria 4° - Emissioni di prestiti obbligazionari ";"02";"415";""
"QUADRO 2 - ENTRATE";"Titolo V - ENTRATE DERIVANTI DA ACCENSIONI DI PRESTITI";"";"TOTALE ENTRATE DERIVANTI DA ACCENSIONI DI PRESTITI ";"02";"420";""
"QUADRO 2 - ENTRATE";"Titolo VI - ENTRATE DA SERVIZI PER CONTO DI TERZI";"";"";"";"";""
"QUADRO 2 - ENTRATE";"Titolo VI - ENTRATE DA SERVIZI PER CONTO DI TERZI";"601";"TOTALE ENTRATE DA SERVIZI PER CONTO DI TERZI";"02";"425";""
"QUADRO 2 - ENTRATE";"Titolo VI - ENTRATE DA SERVIZI PER CONTO DI TERZI";"";"TOTALE GENERALE DELLE ENTRATE";"02";"430";""
"QUADRO 3 - RIEPILOGO GENERALE DELLE SPESE";"TITOLO I - SPESE CORRENTI 
al netto della spesa 
per alimentazione del fondo di
solidarietà comunale (FSC)";"1";"";"";"";""
"QUADRO 3 - RIEPILOGO GENERALE DELLE SPESE";"TITOLO I - SPESE CORRENTI 
al netto della spesa 
per alimentazione del fondo di
solidarietà comunale (FSC)";"";"Spesa per alimentazione del fondo di solidarietà comunale (3)";"03";"006";""
"QUADRO 3 - RIEPILOGO GENERALE DELLE SPESE";"TITOLO I - SPESE CORRENTI 
al netto della spesa 
per alimentazione del fondo di
solidarietà comunale (FSC)";"";"TOTALE A PAREGGIO ( spese correnti + spesa per alimentazione fondo) (4)";"03";"007";""
"QUADRO 3 - RIEPILOGO GENERALE DELLE SPESE";"2 TITOLO II - SPESE IN C/CAPITALE";"2";"";"03";"010";""
"QUADRO 3 - RIEPILOGO GENERALE DELLE SPESE";"3 TITOLO III - SPESE PER RIMBORSO DI PRESTITI";"";"";"03";"015";""
"QUADRO 3 - RIEPILOGO GENERALE DELLE SPESE";"3 TITOLO III - SPESE PER RIMBORSO DI PRESTITI";"";"Rimborso di anticipazioni di cassa";"03";"020";""
"QUADRO 3 - RIEPILOGO GENERALE DELLE SPESE";"3 TITOLO III - SPESE PER RIMBORSO DI PRESTITI";"";"Rimborso di finanziamenti a breve termine";"03";"025";""
"QUADRO 3 - RIEPILOGO GENERALE DELLE SPESE";"3 TITOLO III - SPESE PER RIMBORSO DI PRESTITI";"";"Rimborso di quota capitale di mutui e prestiti";"03";"030";""
"QUADRO 3 - RIEPILOGO GENERALE DELLE SPESE";"3 TITOLO III - SPESE PER RIMBORSO DI PRESTITI";"";"- Fondo anticipazione di liquidità art. 1 c. 13 D.L. 35/13";"03";"031";""
"QUADRO 3 - RIEPILOGO GENERALE DELLE SPESE";"3 TITOLO III - SPESE PER RIMBORSO DI PRESTITI";"";"- Fondo di rotazione stabilità finanziaria art. 243 ter Tuel";"03";"032";""
"QUADRO 3 - RIEPILOGO GENERALE DELLE SPESE";"3 TITOLO III - SPESE PER RIMBORSO DI PRESTITI";"";"Rimborso di prestiti obbligazionari";"03";"035";""
"QUADRO 3 - RIEPILOGO GENERALE DELLE SPESE";"3 TITOLO III - SPESE PER RIMBORSO DI PRESTITI";"";"Rimborso di quota capitale di debiti pluriennali";"03";"040";""
"QUADRO 3 - RIEPILOGO GENERALE DELLE SPESE";"3 TITOLO III - SPESE PER RIMBORSO DI PRESTITI";"";"Rimborso di quota capitale per estinzione anticipata di prestiti (2)";"03";"043";""
"QUADRO 3 - RIEPILOGO GENERALE DELLE SPESE";"TITOLO IV - SPESE PER SERVIZI PER CONTO DI TERZI";"";"";"03";"045";""
"QUADRO 3 - RIEPILOGO GENERALE DELLE SPESE";"TITOLO IV - SPESE PER SERVIZI PER CONTO DI TERZI";"";"TOTALE GENERALE DELLE SPESE";"03";"050";""
"QUADRO 4 - SPESE CORRENTI - (A) - IMPEGNI";"";"101";"Funzioni generali di amministrazione di gestione e di controllo";"04";"005";""
"QUADRO 4 - SPESE CORRENTI - (A) - IMPEGNI";"";"";"Organi istituzionali, partecipazione e decentramento";"04";"007";""
"QUADRO 4 - SPESE CORRENTI - (A) - IMPEGNI";"";"";"di cui:";"";"";""
"QUADRO 4 - SPESE CORRENTI - (A) - IMPEGNI";"";"";"indennità per gli organi istituzionali degli enti";"04";"008";""
"QUADRO 4 - SPESE CORRENTI - (A) - IMPEGNI";"";"";"Segreteria generale, personale e organizzazione";"04";"010";""
"QUADRO 4 - SPESE CORRENTI - (A) - IMPEGNI";"";"";"Gestione economica, finanziaria, programmazione, provveditorato e controllo di gestione";"04";"015";""
"QUADRO 4 - SPESE CORRENTI - (A) - IMPEGNI";"";"";"Gestione delle entrate tributarie e servizi fiscali";"04";"020";""
"QUADRO 4 - SPESE CORRENTI - (A) - IMPEGNI";"";"";"Gestione dei beni demaniali e patrimoniali";"04";"025";""
"QUADRO 4 - SPESE CORRENTI - (A) - IMPEGNI";"";"";"Ufficio tecnico";"04";"030";""
"QUADRO 4 - SPESE CORRENTI - (A) - IMPEGNI";"";"";"Anagrafe, stato civile, elettorale, leva e servizio statistico";"04";"035";""
"QUADRO 4 - SPESE CORRENTI - (A) - IMPEGNI";"";"";"Altri servizi generali di cui:";"04";"037";""
"QUADRO 4 - SPESE CORRENTI - (A) - IMPEGNI";"";"";"Rimborso per recupero come da spettanze Ministero Interno (2)";"04";"039";""
"QUADRO 4 - SPESE CORRENTI - (A) - IMPEGNI";"";"102";"Funzioni relative alla giustizia";"04";"040";""
"QUADRO 4 - SPESE CORRENTI - (A) - IMPEGNI";"";"";"Uffici giudiziari";"04";"041";""
"QUADRO 4 - SPESE CORRENTI - (A) - IMPEGNI";"";"";"Casa circondariale e altri servizi";"04";"042";""
"QUADRO 4 - SPESE CORRENTI - (A) - IMPEGNI";"";"103";"Funzioni di polizia locale";"04";"045";""
"QUADRO 4 - SPESE CORRENTI - (A) - IMPEGNI";"";"";"Polizia municipale";"04";"050";""
"QUADRO 4 - SPESE CORRENTI - (A) - IMPEGNI";"";"";"Polizia commerciale";"04";"051";""
"QUADRO 4 - SPESE CORRENTI - (A) - IMPEGNI";"";"";"Polizia amministrativa";"04";"052";""
"QUADRO 4 - SPESE CORRENTI - (A) - IMPEGNI";"";"104";"Funzioni di istruzione pubblica";"04";"055";""
"QUADRO 4 - SPESE CORRENTI - (A) - IMPEGNI";"";"";"Scuola materna";"04";"060";""
"QUADRO 4 - SPESE CORRENTI - (A) - IMPEGNI";"";"";"Istruzione elementare";"04";"065";""
"QUADRO 4 - SPESE CORRENTI - (A) - IMPEGNI";"";"";"Istruzione media";"04";"070";""
"QUADRO 4 - SPESE CORRENTI - (A) - IMPEGNI";"";"";"Istruzione secondaria superiore";"04";"072";""
"QUADRO 4 - SPESE CORRENTI - (A) - IMPEGNI";"";"";"Assistenza scolastica, trasporto, refezione e altri servizi";"04";"075";""
"QUADRO 4 - SPESE CORRENTI - (A) - IMPEGNI";"";"105";"Funzioni relative alla cultura ed ai beni culturali";"04";"080";""
"QUADRO 4 - SPESE CORRENTI - (A) - IMPEGNI";"";"";"Biblioteche, musei e pinacoteche";"04";"085";""
"QUADRO 4 - SPESE CORRENTI - (A) - IMPEGNI";"";"";"Teatri, attività culturali e servizi diversi nel settore culturale";"04";"087";""
"QUADRO 4 - SPESE CORRENTI - (A) - IMPEGNI";"";"106";"Funzioni nel settore sportivo e ricreativo";"04";"090";""
"QUADRO 4 - SPESE CORRENTI - (A) - IMPEGNI";"";"";"Piscine comunali";"04";"095";""
"QUADRO 4 - SPESE CORRENTI - (A) - IMPEGNI";"";"";"Stadio comunale, palazzo dello sport ed altri impianti";"04";"100";""
"QUADRO 4 - SPESE CORRENTI - (A) - IMPEGNI";"";"";"Manifestazioni diverse nel settore sportivo e ricreativo";"04";"102";""
"QUADRO 4 - SPESE CORRENTI - (A) - IMPEGNI";"";"107";"Funzioni nel campo turistico";"04";"105";""
"QUADRO 4 - SPESE CORRENTI - (A) - IMPEGNI";"";"";"Servizi turistici";"04";"107";""
"QUADRO 4 - SPESE CORRENTI - (A) - IMPEGNI";"";"";"Manifestazioni turistiche";"04";"108";""
"QUADRO 4 - SPESE CORRENTI - (A) - IMPEGNI";"";"108";"Funzioni nel campo della viabilità e dei trasporti";"04";"110";""
"QUADRO 4 - SPESE CORRENTI - (A) - IMPEGNI";"";"";"Viabilità, circolazione stradale e servizi connessi";"04";"115";""
"QUADRO 4 - SPESE CORRENTI - (A) - IMPEGNI";"";"";"Illuminazione pubblica e servizi connessi";"04";"120";""
"QUADRO 4 - SPESE CORRENTI - (A) - IMPEGNI";"";"";"Trasporti pubblici locali e servizi connessi";"04";"122";""
"QUADRO 4 - SPESE CORRENTI - (A) - IMPEGNI";"";"109";"Funzioni riguardanti la gestione del territorio e dell'ambiente";"04";"125";""
"QUADRO 4 - SPESE CORRENTI - (A) - IMPEGNI";"";"";"Urbanistica e gestione del territorio";"04";"130";""
"QUADRO 4 - SPESE CORRENTI - (A) - IMPEGNI";"";"";"Edilizia residenziale pubblica e locale e piani di edilizia economico-popolare";"04";"135";""
"QUADRO 4 - SPESE CORRENTI - (A) - IMPEGNI";"";"";"Servizio di protezione civile";"04";"137";""
"QUADRO 4 - SPESE CORRENTI - (A) - IMPEGNI";"";"";"Servizio idrico integrato";"04";"140";""
"QUADRO 4 - SPESE CORRENTI - (A) - IMPEGNI";"";"";"Servizio smaltimento rifiuti";"04";"145";""
"QUADRO 4 - SPESE CORRENTI - (A) - IMPEGNI";"";"";"Parchi e servizi per la tutela ambientale del verde, altri servizi relativi al territorio ed all'ambiente";"04";"147";""
"QUADRO 4 - SPESE CORRENTI - (A) - IMPEGNI";"";"110";"Funzioni nel settore sociale";"04";"150";""
"QUADRO 4 - SPESE CORRENTI - (A) - IMPEGNI";"";"";"Asili nido, servizi per l'infanzia e per i minori";"04";"155";""
"QUADRO 4 - SPESE CORRENTI - (A) - IMPEGNI";"";"";"di cui:";"";"";""
"QUADRO 4 - SPESE CORRENTI - (A) - IMPEGNI";"";"";"rette corrisposte agli istituti che ospitano i minori a seguito di affidamento giudiziale (3)";"04";"156";""
"QUADRO 4 - SPESE CORRENTI - (A) - IMPEGNI";"";"";"Servizi di prevenzione e riabilitazione";"04";"157";""
"QUADRO 4 - SPESE CORRENTI - (A) - IMPEGNI";"";"";"Strutture residenziali e di ricovero per anziani";"04";"160";""
"QUADRO 4 - SPESE CORRENTI - (A) - IMPEGNI";"";"";"Assistenza, beneficenza pubblica e servizi diversi alla persona";"04";"165";""
"QUADRO 4 - SPESE CORRENTI - (A) - IMPEGNI";"";"";"di cui:";"";"";""
"QUADRO 4 - SPESE CORRENTI - (A) - IMPEGNI";"";"";"rette corrisposte agli istituti che ospitano i minori a seguito di affidamento giudiziale.";"04";"166";""
"QUADRO 4 - SPESE CORRENTI - (A) - IMPEGNI";"";"";"Servizio necroscopico e cimiteriale";"04";"170";""
"QUADRO 4 - SPESE CORRENTI - (A) - IMPEGNI";"";"111";"Funzioni nel campo dello sviluppo economico";"04";"172";""
"QUADRO 4 - SPESE CORRENTI - (A) - IMPEGNI";"";"";"Affissioni e pubblicità";"04";"173";""
"QUADRO 4 - SPESE CORRENTI - (A) - IMPEGNI";"";"";"Fiere, mercati e servizi connessi";"04";"174";""
"QUADRO 4 - SPESE CORRENTI - (A) - IMPEGNI";"";"";"Mattatoio e servizi connessi";"04";"175";""
"QUADRO 4 - SPESE CORRENTI - (A) - IMPEGNI";"";"";"Servizi relativi all'industria";"04";"176";""
"QUADRO 4 - SPESE CORRENTI - (A) - IMPEGNI";"";"";"Servizi relativi al commercio";"04";"177";""
"QUADRO 4 - SPESE CORRENTI - (A) - IMPEGNI";"";"";"Servizi relativi all'artigianato";"04";"178";""
"QUADRO 4 - SPESE CORRENTI - (A) - IMPEGNI";"";"";"Servizi relativi all'agricoltura";"04";"179";""
"QUADRO 4 - SPESE CORRENTI - (A) - IMPEGNI";"";"112";"Funzioni relative a servizi produttivi";"04";"180";""
"QUADRO 4 - SPESE CORRENTI - (A) - IMPEGNI";"";"";"Distribuzione gas";"04";"181";""
"QUADRO 4 - SPESE CORRENTI - (A) - IMPEGNI";"";"";"Centrale del latte";"04";"182";""
"QUADRO 4 - SPESE CORRENTI - (A) - IMPEGNI";"";"";"Distribuzione energia elettrica";"04";"183";""
"QUADRO 4 - SPESE CORRENTI - (A) - IMPEGNI";"";"";"Teleriscaldamento";"04";"184";""
"QUADRO 4 - SPESE CORRENTI - (A) - IMPEGNI";"";"";"Farmacie";"04";"186";""
"QUADRO 4 - SPESE CORRENTI - (A) - IMPEGNI";"";"";"Altri servizi produttivi";"04";"187";""
"QUADRO 4 - SPESE CORRENTI - (A) - IMPEGNI";"";"";"TOTALE";"04";"188";""
"QUADRO 4 - SPESE CORRENTI - (A) - IMPEGNI";"";"";"Spesa per alimentazione fondo solidarietà comunale (4)";"04";"189";""
"QUADRO 4 - SPESE CORRENTI - (A) - IMPEGNI";"";"";"TOTALE A PAREGGIO (entrate tributarie + quota imu) (5)";"04";"191";""
"QUADRO 4 - SPESE CORRENTI - (B) - PAGAMENTI IN CONTO COMPETENZA";"";"101";"Funzioni generali di amministrazione di gestione e di controllo";"04";"190";""
"QUADRO 4 - SPESE CORRENTI - (B) - PAGAMENTI IN CONTO COMPETENZA";"";"";"Organi istituzionali, partecipazione e decentramento";"04";"192";""
"QUADRO 4 - SPESE CORRENTI - (B) - PAGAMENTI IN CONTO COMPETENZA";"";"";"di cui:";"";"";""
"QUADRO 4 - SPESE CORRENTI - (B) - PAGAMENTI IN CONTO COMPETENZA";"";"";"indennità per gli organi istituzionali degli enti";"04";"193";""
"QUADRO 4 - SPESE CORRENTI - (B) - PAGAMENTI IN CONTO COMPETENZA";"";"";"Segreteria generale, personale e organizzazione";"04";"195";""
"QUADRO 4 - SPESE CORRENTI - (B) - PAGAMENTI IN CONTO COMPETENZA";"";"";"Gestione economica, finanziaria, programmazione, provveditorato e controllo di gestione";"04";"200";""
"QUADRO 4 - SPESE CORRENTI - (B) - PAGAMENTI IN CONTO COMPETENZA";"";"";"Gestione delle entrate tributarie e servizi fiscali";"04";"205";""
"QUADRO 4 - SPESE CORRENTI - (B) - PAGAMENTI IN CONTO COMPETENZA";"";"";"Gestione dei beni demaniali e patrimoniali";"04";"210";""
"QUADRO 4 - SPESE CORRENTI - (B) - PAGAMENTI IN CONTO COMPETENZA";"";"";"Ufficio tecnico";"04";"215";""
"QUADRO 4 - SPESE CORRENTI - (B) - PAGAMENTI IN CONTO COMPETENZA";"";"";"Anagrafe, stato civile, elettorale, leva e servizio statistico";"04";"220";""
"QUADRO 4 - SPESE CORRENTI - (B) - PAGAMENTI IN CONTO COMPETENZA";"";"";"Altri servizi generali di cui:";"04";"224";""
"QUADRO 4 - SPESE CORRENTI - (B) - PAGAMENTI IN CONTO COMPETENZA";"";"";"Rimborso per recupero come da spettanze Ministero Interno (2)";"04";"222";""
"QUADRO 4 - SPESE CORRENTI - (B) - PAGAMENTI IN CONTO COMPETENZA";"";"102";"Funzioni relative alla giustizia";"04";"225";""
"QUADRO 4 - SPESE CORRENTI - (B) - PAGAMENTI IN CONTO COMPETENZA";"";"";"Uffici giudiziari";"04";"226";""
"QUADRO 4 - SPESE CORRENTI - (B) - PAGAMENTI IN CONTO COMPETENZA";"";"";"Casa circondariale e altri servizi";"04";"227";""
"QUADRO 4 - SPESE CORRENTI - (B) - PAGAMENTI IN CONTO COMPETENZA";"";"103";"Funzioni di polizia locale";"04";"230";""
"QUADRO 4 - SPESE CORRENTI - (B) - PAGAMENTI IN CONTO COMPETENZA";"";"";"Polizia municipale";"04";"231";""
"QUADRO 4 - SPESE CORRENTI - (B) - PAGAMENTI IN CONTO COMPETENZA";"";"";"Polizia commerciale";"04";"232";""
"QUADRO 4 - SPESE CORRENTI - (B) - PAGAMENTI IN CONTO COMPETENZA";"";"";"Polizia amministrativa";"04";"233";""
"QUADRO 4 - SPESE CORRENTI - (B) - PAGAMENTI IN CONTO COMPETENZA";"";"104";"Funzioni di istruzione pubblica";"04";"240";""
"QUADRO 4 - SPESE CORRENTI - (B) - PAGAMENTI IN CONTO COMPETENZA";"";"";"Scuola materna";"04";"245";""
"QUADRO 4 - SPESE CORRENTI - (B) - PAGAMENTI IN CONTO COMPETENZA";"";"";"Istruzione elementare";"04";"250";""
"QUADRO 4 - SPESE CORRENTI - (B) - PAGAMENTI IN CONTO COMPETENZA";"";"";"Istruzione media";"04";"255";""
"QUADRO 4 - SPESE CORRENTI - (B) - PAGAMENTI IN CONTO COMPETENZA";"";"";"Istruzione secondaria superiore";"04";"257";""
"QUADRO 4 - SPESE CORRENTI - (B) - PAGAMENTI IN CONTO COMPETENZA";"";"";"Assistenza scolastica, trasporto, refezione e altri servizi";"";"260";""
"QUADRO 4 - SPESE CORRENTI - (B) - PAGAMENTI IN CONTO COMPETENZA";"";"105";"Funzioni relative alla cultura ed ai beni culturali";"04";"265";""
"QUADRO 4 - SPESE CORRENTI - (B) - PAGAMENTI IN CONTO COMPETENZA";"";"";"Biblioteche, musei e pinacoteche";"04";"270";""
"QUADRO 4 - SPESE CORRENTI - (B) - PAGAMENTI IN CONTO COMPETENZA";"";"";"Teatri, attività culturali e servizi diversi nel settore culturale";"04";"272";""
"QUADRO 4 - SPESE CORRENTI - (B) - PAGAMENTI IN CONTO COMPETENZA";"";"106";"Funzioni nel settore sportivo e ricreativo";"04";"275";""
"QUADRO 4 - SPESE CORRENTI - (B) - PAGAMENTI IN CONTO COMPETENZA";"";"";"Piscine comunali";"04";"280";""
"QUADRO 4 - SPESE CORRENTI - (B) - PAGAMENTI IN CONTO COMPETENZA";"";"";"Stadio comunale, palazzo dello sport ed altri impianti";"04";"285";""
"QUADRO 4 - SPESE CORRENTI - (B) - PAGAMENTI IN CONTO COMPETENZA";"";"";"Manifestazioni diverse nel settore sportivo e ricreativo";"04";"287";""
"QUADRO 4 - SPESE CORRENTI - (B) - PAGAMENTI IN CONTO COMPETENZA";"";"107";"Funzioni nel campo turistico";"04";"290";""
"QUADRO 4 - SPESE CORRENTI - (B) - PAGAMENTI IN CONTO COMPETENZA";"";"";"Servizi turistici";"04";"292";""
"QUADRO 4 - SPESE CORRENTI - (B) - PAGAMENTI IN CONTO COMPETENZA";"";"";"Manifestazioni turistiche";"04";"293";""
"QUADRO 4 - SPESE CORRENTI - (B) - PAGAMENTI IN CONTO COMPETENZA";"";"108";"Funzioni nel campo della viabilità e dei trasporti";"04";"295";""
"QUADRO 4 - SPESE CORRENTI - (B) - PAGAMENTI IN CONTO COMPETENZA";"";"";"Viabilità, circolazione stradale e servizi connessi";"04";"300";""
"QUADRO 4 - SPESE CORRENTI - (B) - PAGAMENTI IN CONTO COMPETENZA";"";"";"Illuminazione pubblica e servizi connessi";"04";"305";""
"QUADRO 4 - SPESE CORRENTI - (B) - PAGAMENTI IN CONTO COMPETENZA";"";"";"Trasporti pubblici locali e servizi connessi";"04";"307";""
"QUADRO 4 - SPESE CORRENTI - (B) - PAGAMENTI IN CONTO COMPETENZA";"";"109";"Funzioni riguardanti la gestione del territorio e dell'ambiente";"04";"310";""
"QUADRO 4 - SPESE CORRENTI - (B) - PAGAMENTI IN CONTO COMPETENZA";"";"";"Urbanistica e gestione del territorio";"04";"315";""
"QUADRO 4 - SPESE CORRENTI - (B) - PAGAMENTI IN CONTO COMPETENZA";"";"";"Edilizia residenziale pubblica e locale e piani di edilizia economico-popolare";"04";"320";""
"QUADRO 4 - SPESE CORRENTI - (B) - PAGAMENTI IN CONTO COMPETENZA";"";"";"Servizio di protezione civile";"04";"322";""
"QUADRO 4 - SPESE CORRENTI - (B) - PAGAMENTI IN CONTO COMPETENZA";"";"";"Servizio idrico integrato";"04";"325";""
"QUADRO 4 - SPESE CORRENTI - (B) - PAGAMENTI IN CONTO COMPETENZA";"";"";"Servizio smaltimento rifiuti";"04";"330";""
"QUADRO 4 - SPESE CORRENTI - (B) - PAGAMENTI IN CONTO COMPETENZA";"";"";"Parchi e servizi per la tutela ambientale del verde, altri servizi relativi al territorio ed all'ambiente";"04";"332";""
"QUADRO 4 - SPESE CORRENTI - (B) - PAGAMENTI IN CONTO COMPETENZA";"";"110";"Funzioni nel settore sociale";"04";"335";""
"QUADRO 4 - SPESE CORRENTI - (B) - PAGAMENTI IN CONTO COMPETENZA";"";"";"Asili nido, servizi per l'infanzia e per i minori";"04";"340";""
"QUADRO 4 - SPESE CORRENTI - (B) - PAGAMENTI IN CONTO COMPETENZA";"";"";"di cui:";"";"";""
"QUADRO 4 - SPESE CORRENTI - (B) - PAGAMENTI IN CONTO COMPETENZA";"";"";"rette corrisposte agli istituti che ospitano i minori a seguito di affidamento giudiziale (3)";"04";"341";""
"QUADRO 4 - SPESE CORRENTI - (B) - PAGAMENTI IN CONTO COMPETENZA";"";"";"Servizi di prevenzione e riabilitazione";"04";"342";""
"QUADRO 4 - SPESE CORRENTI - (B) - PAGAMENTI IN CONTO COMPETENZA";"";"";"Strutture residenziali e di ricovero per anziani";"04";"345";""
"QUADRO 4 - SPESE CORRENTI - (B) - PAGAMENTI IN CONTO COMPETENZA";"";"";"Assistenza, beneficenza pubblica e servizi diversi alla persona";"04";"350";""
"QUADRO 4 - SPESE CORRENTI - (B) - PAGAMENTI IN CONTO COMPETENZA";"";"";"di cui:";"";"";""
"QUADRO 4 - SPESE CORRENTI - (B) - PAGAMENTI IN CONTO COMPETENZA";"";"";"rette corrisposte agli istituti che ospitano i minori a seguito di affidamento giudiziale.";"04";"351";""
"QUADRO 4 - SPESE CORRENTI - (B) - PAGAMENTI IN CONTO COMPETENZA";"";"";"Servizio necroscopico e cimiteriale";"04";"355";""
"QUADRO 4 - SPESE CORRENTI - (B) - PAGAMENTI IN CONTO COMPETENZA";"";"111";"Funzioni nel campo dello sviluppo economico";"04";"357";""
"QUADRO 4 - SPESE CORRENTI - (B) - PAGAMENTI IN CONTO COMPETENZA";"";"";"Affissioni e pubblicità";"04";"358";""
"QUADRO 4 - SPESE CORRENTI - (B) - PAGAMENTI IN CONTO COMPETENZA";"";"";"Fiere, mercati e servizi connessi";"04";"359";""
"QUADRO 4 - SPESE CORRENTI - (B) - PAGAMENTI IN CONTO COMPETENZA";"";"";"Mattatoio e servizi connessi";"04";"360";""
"QUADRO 4 - SPESE CORRENTI - (B) - PAGAMENTI IN CONTO COMPETENZA";"";"";"Servizi relativi all'industria";"04";"361";""
"QUADRO 4 - SPESE CORRENTI - (B) - PAGAMENTI IN CONTO COMPETENZA";"";"";"Servizi relativi al commercio";"04";"362";""
"QUADRO 4 - SPESE CORRENTI - (B) - PAGAMENTI IN CONTO COMPETENZA";"";"";"Servizi relativi all'artigianato";"04";"363";""
"QUADRO 4 - SPESE CORRENTI - (B) - PAGAMENTI IN CONTO COMPETENZA";"";"";"Servizi relativi all'agricoltura";"04";"364";""
"QUADRO 4 - SPESE CORRENTI - (B) - PAGAMENTI IN CONTO COMPETENZA";"";"112";"Funzioni relative a servizi produttivi";"04";"365";""
"QUADRO 4 - SPESE CORRENTI - (B) - PAGAMENTI IN CONTO COMPETENZA";"";"";"Distribuzione gas";"04";"366";""
"QUADRO 4 - SPESE CORRENTI - (B) - PAGAMENTI IN CONTO COMPETENZA";"";"";"Centrale del latte";"04";"367";""
"QUADRO 4 - SPESE CORRENTI - (B) - PAGAMENTI IN CONTO COMPETENZA";"";"";"Distribuzione energia elettrica";"04";"368";""
"QUADRO 4 - SPESE CORRENTI - (B) - PAGAMENTI IN CONTO COMPETENZA";"";"";"Teleriscaldamento";"04";"369";""
"QUADRO 4 - SPESE CORRENTI - (B) - PAGAMENTI IN CONTO COMPETENZA";"";"";"Farmacie";"04";"371";""
"QUADRO 4 - SPESE CORRENTI - (B) - PAGAMENTI IN CONTO COMPETENZA";"";"";"Altri servizi produttivi";"04";"372";""
"QUADRO 4 - SPESE CORRENTI - (B) - PAGAMENTI IN CONTO COMPETENZA";"";"";"TOTALE";"04";"373";""
"QUADRO 4 - SPESE CORRENTI - (B) - PAGAMENTI IN CONTO COMPETENZA";"";"";"Spesa per alimentazione fondo solidarietà comunale (4)";"04";"374";""
"QUADRO 4 - SPESE CORRENTI - (B) - PAGAMENTI IN CONTO COMPETENZA";"";"";"TOTALE A PAREGGIO (entrate tributarie + quota imu) (5)";"04";"376";""
"QUADRO 4 - SPESE CORRENTI - (C) - PAGAMENTI IN CONTO RESIDUI";"";"101";"Funzioni generali di amministrazione di gestione e di controllo";"04";"375";""
"QUADRO 4 - SPESE CORRENTI - (C) - PAGAMENTI IN CONTO RESIDUI";"";"";"Organi istituzionali, partecipazione e decentramento";"04";"377";""
"QUADRO 4 - SPESE CORRENTI - (C) - PAGAMENTI IN CONTO RESIDUI";"";"";"di cui:";"";"";""
"QUADRO 4 - SPESE CORRENTI - (C) - PAGAMENTI IN CONTO RESIDUI";"";"";"indennità per gli organi istituzionali degli enti";"04";"378";""
"QUADRO 4 - SPESE CORRENTI - (C) - PAGAMENTI IN CONTO RESIDUI";"";"";"Segreteria generale, personale e organizzazione";"04";"380";""
"QUADRO 4 - SPESE CORRENTI - (C) - PAGAMENTI IN CONTO RESIDUI";"";"";"Gestione economica, finanziaria, programmazione, provveditorato e controllo di gestione";"04";"385";""
"QUADRO 4 - SPESE CORRENTI - (C) - PAGAMENTI IN CONTO RESIDUI";"";"";"Gestione delle entrate tributarie e servizi fiscali";"04";"390";""
"QUADRO 4 - SPESE CORRENTI - (C) - PAGAMENTI IN CONTO RESIDUI";"";"";"Gestione dei beni demaniali e patrimoniali";"04";"395";""
"QUADRO 4 - SPESE CORRENTI - (C) - PAGAMENTI IN CONTO RESIDUI";"";"";"Ufficio tecnico";"04";"400";""
"QUADRO 4 - SPESE CORRENTI - (C) - PAGAMENTI IN CONTO RESIDUI";"";"";"Anagrafe, stato civile, elettorale, leva e servizio statistico";"04";"405";""
"QUADRO 4 - SPESE CORRENTI - (C) - PAGAMENTI IN CONTO RESIDUI";"";"";"Altri servizi generali";"04";"406";""
"QUADRO 4 - SPESE CORRENTI - (C) - PAGAMENTI IN CONTO RESIDUI";"";"102";"Funzioni relative alla giustizia";"04";"410";""
"QUADRO 4 - SPESE CORRENTI - (C) - PAGAMENTI IN CONTO RESIDUI";"";"";"Uffici giudiziari";"04";"412";""
"QUADRO 4 - SPESE CORRENTI - (C) - PAGAMENTI IN CONTO RESIDUI";"";"";"Casa circondariale e altri servizi";"04";"413";""
"QUADRO 4 - SPESE CORRENTI - (C) - PAGAMENTI IN CONTO RESIDUI";"";"103";"Funzioni di polizia locale";"04";"415";""
"QUADRO 4 - SPESE CORRENTI - (C) - PAGAMENTI IN CONTO RESIDUI";"";"";"Polizia municipale";"04";"420";""
"QUADRO 4 - SPESE CORRENTI - (C) - PAGAMENTI IN CONTO RESIDUI";"";"";"Polizia commerciale";"04";"422";""
"QUADRO 4 - SPESE CORRENTI - (C) - PAGAMENTI IN CONTO RESIDUI";"";"";"Polizia amministrativa";"04";"423";""
"QUADRO 4 - SPESE CORRENTI - (C) - PAGAMENTI IN CONTO RESIDUI";"";"104";"Funzioni di istruzione pubblica";"04";"425";""
"QUADRO 4 - SPESE CORRENTI - (C) - PAGAMENTI IN CONTO RESIDUI";"";"";"Scuola materna";"04";"430";""
"QUADRO 4 - SPESE CORRENTI - (C) - PAGAMENTI IN CONTO RESIDUI";"";"";"Istruzione elementare";"04";"435";""
"QUADRO 4 - SPESE CORRENTI - (C) - PAGAMENTI IN CONTO RESIDUI";"";"";"Istruzione media";"04";"440";""
"QUADRO 4 - SPESE CORRENTI - (C) - PAGAMENTI IN CONTO RESIDUI";"";"";"Istruzione secondaria superiore";"04";"441";""
"QUADRO 4 - SPESE CORRENTI - (C) - PAGAMENTI IN CONTO RESIDUI";"";"";"Assistenza scolastica, trasporto, refezione e altri servizi";"04";"445";""
"QUADRO 4 - SPESE CORRENTI - (C) - PAGAMENTI IN CONTO RESIDUI";"";"105";"Funzioni relative alla cultura ed ai beni culturali";"04";"450";""
"QUADRO 4 - SPESE CORRENTI - (C) - PAGAMENTI IN CONTO RESIDUI";"";"";"Biblioteche, musei e pinacoteche";"04";"455";""
"QUADRO 4 - SPESE CORRENTI - (C) - PAGAMENTI IN CONTO RESIDUI";"";"";"Teatri, attività culturali e servizi diversi nel settore culturale";"04";"456";""
"QUADRO 4 - SPESE CORRENTI - (C) - PAGAMENTI IN CONTO RESIDUI";"";"106";"Funzioni nel settore sportivo e ricreativo";"04";"460";""
"QUADRO 4 - SPESE CORRENTI - (C) - PAGAMENTI IN CONTO RESIDUI";"";"";"Piscine comunali";"04";"465";""
"QUADRO 4 - SPESE CORRENTI - (C) - PAGAMENTI IN CONTO RESIDUI";"";"";"Stadio comunale, palazzo dello sport ed altri impianti";"04";"470";""
"QUADRO 4 - SPESE CORRENTI - (C) - PAGAMENTI IN CONTO RESIDUI";"";"";"Manifestazioni diverse nel settore sportivo e ricreativo";"04";"472";""
"QUADRO 4 - SPESE CORRENTI - (C) - PAGAMENTI IN CONTO RESIDUI";"";"107";"Funzioni nel campo turistico";"04";"475";""
"QUADRO 4 - SPESE CORRENTI - (C) - PAGAMENTI IN CONTO RESIDUI";"";"";"Servizi turistici";"04";"476";""
"QUADRO 4 - SPESE CORRENTI - (C) - PAGAMENTI IN CONTO RESIDUI";"";"";"Manifestazioni turistiche";"04";"477";""
"QUADRO 4 - SPESE CORRENTI - (C) - PAGAMENTI IN CONTO RESIDUI";"";"108";"Funzioni nel campo della viabilità e dei trasporti";"04";"480";""
"QUADRO 4 - SPESE CORRENTI - (C) - PAGAMENTI IN CONTO RESIDUI";"";"";"Viabilità, circolazione stradale e servizi connessi";"04";"485";""
"QUADRO 4 - SPESE CORRENTI - (C) - PAGAMENTI IN CONTO RESIDUI";"";"";"Illuminazione pubblica e servizi connessi";"04";"490";""
"QUADRO 4 - SPESE CORRENTI - (C) - PAGAMENTI IN CONTO RESIDUI";"";"";"Trasporti pubblici locali e servizi connessi";"04";"491";""
"QUADRO 4 - SPESE CORRENTI - (C) - PAGAMENTI IN CONTO RESIDUI";"";"109";"Funzioni riguardanti la gestione del territorio e dell'ambiente";"04";"495";""
"QUADRO 4 - SPESE CORRENTI - (C) - PAGAMENTI IN CONTO RESIDUI";"";"";"Urbanistica e gestione del territorio";"04";"500";""
"QUADRO 4 - SPESE CORRENTI - (C) - PAGAMENTI IN CONTO RESIDUI";"";"";"Edilizia residenziale pubblica e locale e piani di edilizia economico-popolare";"04";"505";""
"QUADRO 4 - SPESE CORRENTI - (C) - PAGAMENTI IN CONTO RESIDUI";"";"";"Servizio di protezione civile";"04";"507";""
"QUADRO 4 - SPESE CORRENTI - (C) - PAGAMENTI IN CONTO RESIDUI";"";"";"Servizio idrico integrato";"04";"510";""
"QUADRO 4 - SPESE CORRENTI - (C) - PAGAMENTI IN CONTO RESIDUI";"";"";"Servizio smaltimento rifiuti";"04";"515";""
"QUADRO 4 - SPESE CORRENTI - (C) - PAGAMENTI IN CONTO RESIDUI";"";"";"Parchi e servizi per la tutela ambientale del verde, altri servizi relativi al territorio ed all'ambiente";"04";"517";""
"QUADRO 4 - SPESE CORRENTI - (C) - PAGAMENTI IN CONTO RESIDUI";"";"110";"Funzioni nel settore sociale";"04";"520";""
"QUADRO 4 - SPESE CORRENTI - (C) - PAGAMENTI IN CONTO RESIDUI";"";"";"Asili nido, servizi per l'infanzia e per i minori";"04";"525";""
"QUADRO 4 - SPESE CORRENTI - (C) - PAGAMENTI IN CONTO RESIDUI";"";"";"di cui:";"";"";""
"QUADRO 4 - SPESE CORRENTI - (C) - PAGAMENTI IN CONTO RESIDUI";"";"";"rette corrisposte agli istituti che ospitano i minori a seguito di affidamento giudiziale (3)";"04";"526";""
"QUADRO 4 - SPESE CORRENTI - (C) - PAGAMENTI IN CONTO RESIDUI";"";"";"Servizi di prevenzione e riabilitazione";"04";"527";""
"QUADRO 4 - SPESE CORRENTI - (C) - PAGAMENTI IN CONTO RESIDUI";"";"";"Strutture residenziali e di ricovero per anziani";"04";"530";""
"QUADRO 4 - SPESE CORRENTI - (C) - PAGAMENTI IN CONTO RESIDUI";"";"";"Assistenza, beneficenza pubblica e servizi diversi alla persona";"04";"535";""
"QUADRO 4 - SPESE CORRENTI - (C) - PAGAMENTI IN CONTO RESIDUI";"";"";"di cui:";"";"";""
"QUADRO 4 - SPESE CORRENTI - (C) - PAGAMENTI IN CONTO RESIDUI";"";"";"rette corrisposte agli istituti che ospitano i minori a seguito di affidamento giudiziale.";"04";"536";""
"QUADRO 4 - SPESE CORRENTI - (C) - PAGAMENTI IN CONTO RESIDUI";"";"";"Servizio necroscopico e cimiteriale";"04";"540";""
"QUADRO 4 - SPESE CORRENTI - (C) - PAGAMENTI IN CONTO RESIDUI";"";"111";"Funzioni nel campo dello sviluppo economico";"04";"542";""
"QUADRO 4 - SPESE CORRENTI - (C) - PAGAMENTI IN CONTO RESIDUI";"";"";"Affissioni e pubblicità";"04";"543";""
"QUADRO 4 - SPESE CORRENTI - (C) - PAGAMENTI IN CONTO RESIDUI";"";"";"Fiere, mercati e servizi connessi";"04";"544";""
"QUADRO 4 - SPESE CORRENTI - (C) - PAGAMENTI IN CONTO RESIDUI";"";"";"Mattatoio e servizi connessi";"04";"545";""
"QUADRO 4 - SPESE CORRENTI - (C) - PAGAMENTI IN CONTO RESIDUI";"";"";"Servizi relativi all'industria";"04";"546";""
"QUADRO 4 - SPESE CORRENTI - (C) - PAGAMENTI IN CONTO RESIDUI";"";"";"Servizi relativi al commercio";"04";"547";""
"QUADRO 4 - SPESE CORRENTI - (C) - PAGAMENTI IN CONTO RESIDUI";"";"";"Servizi relativi all'artigianato";"04";"548";""
"QUADRO 4 - SPESE CORRENTI - (C) - PAGAMENTI IN CONTO RESIDUI";"";"";"Servizi relativi all'agricoltura";"04";"549";""
"QUADRO 4 - SPESE CORRENTI - (C) - PAGAMENTI IN CONTO RESIDUI";"";"112";"Funzioni relative a servizi produttivi";"04";"550";""
"QUADRO 4 - SPESE CORRENTI - (C) - PAGAMENTI IN CONTO RESIDUI";"";"";"Distribuzione gas";"04";"551";""
"QUADRO 4 - SPESE CORRENTI - (C) - PAGAMENTI IN CONTO RESIDUI";"";"";"Centrale del latte";"04";"552";""
"QUADRO 4 - SPESE CORRENTI - (C) - PAGAMENTI IN CONTO RESIDUI";"";"";"Distribuzione energia elettrica";"04";"553";""
"QUADRO 4 - SPESE CORRENTI - (C) - PAGAMENTI IN CONTO RESIDUI";"";"";"Teleriscaldamento";"04";"554";""
"QUADRO 4 - SPESE CORRENTI - (C) - PAGAMENTI IN CONTO RESIDUI";"";"";"Farmacie";"04";"556";""
"QUADRO 4 - SPESE CORRENTI - (C) - PAGAMENTI IN CONTO RESIDUI";"";"";"Altri servizi produttivi";"04";"557";""
"QUADRO 4 - SPESE CORRENTI - (C) - PAGAMENTI IN CONTO RESIDUI";"";"";"TOTALE";"04";"560";""
"QUADRO 5 - SPESE IN CONTO CAPITALE - (A) - IMPEGNI";"";"201";"Funzioni generali di amministrazione di gestione e di controllo";"05";"005";""
"QUADRO 5 - SPESE IN CONTO CAPITALE - (A) - IMPEGNI";"";"";"Organi istituzionali, partecipazione e decentramento";"05";"007";""
"QUADRO 5 - SPESE IN CONTO CAPITALE - (A) - IMPEGNI";"";"";"Segreteria generale, personale e organizzazione";"05";"010";""
"QUADRO 5 - SPESE IN CONTO CAPITALE - (A) - IMPEGNI";"";"";"Gestione economica, finanziaria, programmazione, provveditorato e controllo di gestione";"05";"015";""
"QUADRO 5 - SPESE IN CONTO CAPITALE - (A) - IMPEGNI";"";"";"Gestione delle entrate tributarie e servizi fiscali";"05";"020";""
"QUADRO 5 - SPESE IN CONTO CAPITALE - (A) - IMPEGNI";"";"";"Gestione dei beni demaniali e patrimoniali";"05";"025";""
"QUADRO 5 - SPESE IN CONTO CAPITALE - (A) - IMPEGNI";"";"";"Ufficio tecnico";"05";"030";""
"QUADRO 5 - SPESE IN CONTO CAPITALE - (A) - IMPEGNI";"";"";"Anagrafe, stato civile, elettorale, leva e servizio statistico";"05";"035";""
"QUADRO 5 - SPESE IN CONTO CAPITALE - (A) - IMPEGNI";"";"";"Altri servizi general";"05";"037";""
"QUADRO 5 - SPESE IN CONTO CAPITALE - (A) - IMPEGNI";"";"202";"Funzioni relative alla giustizia";"05";"040";""
"QUADRO 5 - SPESE IN CONTO CAPITALE - (A) - IMPEGNI";"";"";"Uffici giudiziari";"05";"041";""
"QUADRO 5 - SPESE IN CONTO CAPITALE - (A) - IMPEGNI";"";"";"Casa circondariale e altri servizi";"05";"042";""
"QUADRO 5 - SPESE IN CONTO CAPITALE - (A) - IMPEGNI";"";"203";"Funzioni di polizia locale";"05";"045";""
"QUADRO 5 - SPESE IN CONTO CAPITALE - (A) - IMPEGNI";"";"";"Polizia municipale";"05";"050";""
"QUADRO 5 - SPESE IN CONTO CAPITALE - (A) - IMPEGNI";"";"";"Polizia commerciale";"05";"051";""
"QUADRO 5 - SPESE IN CONTO CAPITALE - (A) - IMPEGNI";"";"";"Polizia amministrativa";"05";"052";""
"QUADRO 5 - SPESE IN CONTO CAPITALE - (A) - IMPEGNI";"";"204";"Funzioni di istruzione pubblica";"05";"055";""
"QUADRO 5 - SPESE IN CONTO CAPITALE - (A) - IMPEGNI";"";"";"Scuola materna";"05";"060";""
"QUADRO 5 - SPESE IN CONTO CAPITALE - (A) - IMPEGNI";"";"";"Istruzione elementare";"05";"065";""
"QUADRO 5 - SPESE IN CONTO CAPITALE - (A) - IMPEGNI";"";"";"Istruzione media";"05";"070";""
"QUADRO 5 - SPESE IN CONTO CAPITALE - (A) - IMPEGNI";"";"";"Istruzione secondaria superiore";"05";"072";""
"QUADRO 5 - SPESE IN CONTO CAPITALE - (A) - IMPEGNI";"";"";"Assistenza scolastica, trasporto, refezione e altri servizi";"05";"075";""
"QUADRO 5 - SPESE IN CONTO CAPITALE - (A) - IMPEGNI";"";"205";"Funzioni relative alla cultura ed ai beni culturali";"05";"080";""
"QUADRO 5 - SPESE IN CONTO CAPITALE - (A) - IMPEGNI";"";"";"Biblioteche, musei e pinacoteche";"05";"085";""
"QUADRO 5 - SPESE IN CONTO CAPITALE - (A) - IMPEGNI";"";"";"Teatri, attività culturali e servizi diversi nel settore culturale";"05";"087";""
"QUADRO 5 - SPESE IN CONTO CAPITALE - (A) - IMPEGNI";"";"206";"Funzioni nel settore sportivo e ricreativo";"05";"090";""
"QUADRO 5 - SPESE IN CONTO CAPITALE - (A) - IMPEGNI";"";"";"Piscine comunali";"05";"095";""
"QUADRO 5 - SPESE IN CONTO CAPITALE - (A) - IMPEGNI";"";"";"Stadio comunale, palazzo dello sport ed altri impianti";"05";"100";""
"QUADRO 5 - SPESE IN CONTO CAPITALE - (A) - IMPEGNI";"";"";"Manifestazioni diverse nel settore sportivo e ricreativo";"05";"102";""
"QUADRO 5 - SPESE IN CONTO CAPITALE - (A) - IMPEGNI";"";"207";"Funzioni nel campo turistico";"05";"105";""
"QUADRO 5 - SPESE IN CONTO CAPITALE - (A) - IMPEGNI";"";"";"Servizi turistici";"05";"107";""
"QUADRO 5 - SPESE IN CONTO CAPITALE - (A) - IMPEGNI";"";"";"Manifestazioni turistiche";"05";"108";""
"QUADRO 5 - SPESE IN CONTO CAPITALE - (A) - IMPEGNI";"";"208";"Funzioni nel campo della viabilità e dei trasporti";"05";"110";""
"QUADRO 5 - SPESE IN CONTO CAPITALE - (A) - IMPEGNI";"";"";"Viabilità, circolazione stradale e servizi connessi";"05";"115";""
"QUADRO 5 - SPESE IN CONTO CAPITALE - (A) - IMPEGNI";"";"";"Illuminazione pubblica e servizi connessi";"05";"120";""
"QUADRO 5 - SPESE IN CONTO CAPITALE - (A) - IMPEGNI";"";"";"Trasporti pubblici locali e servizi connessi";"05";"122";""
"QUADRO 5 - SPESE IN CONTO CAPITALE - (A) - IMPEGNI";"";"209";"Funzioni riguardanti la gestione del territorio e dell'ambiente";"05";"125";""
"QUADRO 5 - SPESE IN CONTO CAPITALE - (A) - IMPEGNI";"";"";"Urbanistica e gestione del territorio";"05";"130";""
"QUADRO 5 - SPESE IN CONTO CAPITALE - (A) - IMPEGNI";"";"";"Edilizia residenziale pubblica e locale e piani di edilizia economico-popolare";"05";"135";""
"QUADRO 5 - SPESE IN CONTO CAPITALE - (A) - IMPEGNI";"";"";"Servizio di protezione civile";"05";"137";""
"QUADRO 5 - SPESE IN CONTO CAPITALE - (A) - IMPEGNI";"";"";"Servizio idrico integrato";"05";"140";""
"QUADRO 5 - SPESE IN CONTO CAPITALE - (A) - IMPEGNI";"";"";"Servizio smaltimento rifiuti";"05";"145";""
"QUADRO 5 - SPESE IN CONTO CAPITALE - (A) - IMPEGNI";"";"";"Parchi e servizi per la tutela ambientale del verde, altri servizi relativi al territorio ed all'ambiente";"05";"147";""
"QUADRO 5 - SPESE IN CONTO CAPITALE - (A) - IMPEGNI";"";"210";"Funzioni nel settore sociale";"05";"150";""
"QUADRO 5 - SPESE IN CONTO CAPITALE - (A) - IMPEGNI";"";"";"Asili nido, servizi per l'infanzia e per i minori";"05";"155";""
"QUADRO 5 - SPESE IN CONTO CAPITALE - (A) - IMPEGNI";"";"";"Servizi di prevenzione e riabilitazione";"05";"157";""
"QUADRO 5 - SPESE IN CONTO CAPITALE - (A) - IMPEGNI";"";"";"Strutture residenziali e di ricovero per anziani";"05";"160";""
"QUADRO 5 - SPESE IN CONTO CAPITALE - (A) - IMPEGNI";"";"";"Assistenza, beneficenza pubblica e servizi diversi alla persona";"05";"165";""
"QUADRO 5 - SPESE IN CONTO CAPITALE - (A) - IMPEGNI";"";"";"Servizio necroscopico e cimiteriale";"05";"170";""
"QUADRO 5 - SPESE IN CONTO CAPITALE - (A) - IMPEGNI";"";"211";"Funzioni nel campo dello sviluppo economico";"05";"172";""
"QUADRO 5 - SPESE IN CONTO CAPITALE - (A) - IMPEGNI";"";"";"Affissioni e pubblicità";"05";"173";""
"QUADRO 5 - SPESE IN CONTO CAPITALE - (A) - IMPEGNI";"";"";"Fiere, mercati e servizi connessi";"05";"174";""
"QUADRO 5 - SPESE IN CONTO CAPITALE - (A) - IMPEGNI";"";"";"Mattatoio e servizi connessi";"05";"175";""
"QUADRO 5 - SPESE IN CONTO CAPITALE - (A) - IMPEGNI";"";"";"Servizi relativi all'industria";"05";"176";""
"QUADRO 5 - SPESE IN CONTO CAPITALE - (A) - IMPEGNI";"";"";"Servizi relativi al commercio";"05";"177";""
"QUADRO 5 - SPESE IN CONTO CAPITALE - (A) - IMPEGNI";"";"";"Servizi relativi all'artigianato";"05";"178";""
"QUADRO 5 - SPESE IN CONTO CAPITALE - (A) - IMPEGNI";"";"";"Servizi relativi all'agricoltura";"05";"179";""
"QUADRO 5 - SPESE IN CONTO CAPITALE - (A) - IMPEGNI";"";"212";"Funzioni relative a servizi produttivi";"05";"180";""
"QUADRO 5 - SPESE IN CONTO CAPITALE - (A) - IMPEGNI";"";"";"Distribuzione gas";"05";"181";""
"QUADRO 5 - SPESE IN CONTO CAPITALE - (A) - IMPEGNI";"";"";"Centrale del latte";"05";"182";""
"QUADRO 5 - SPESE IN CONTO CAPITALE - (A) - IMPEGNI";"";"";"Distribuzione energia elettrica";"05";"183";""
"QUADRO 5 - SPESE IN CONTO CAPITALE - (A) - IMPEGNI";"";"";"Teleriscaldamento";"05";"184";""
"QUADRO 5 - SPESE IN CONTO CAPITALE - (A) - IMPEGNI";"";"";"Farmacie";"05";"186";""
"QUADRO 5 - SPESE IN CONTO CAPITALE - (A) - IMPEGNI";"";"";"Altri servizi produttivi";"05";"187";""
"QUADRO 5 - SPESE IN CONTO CAPITALE - (A) - IMPEGNI";"";"";"TOTALE";"05";"188";""
"QUADRO 5 - SPESE IN CONTO CAPITALE - (B) - PAGAMENTI IN CONTO COMPETENZA";"";"201";"Funzioni generali di amministrazione di gestione e di controllo";"05";"190";""
"QUADRO 5 - SPESE IN CONTO CAPITALE - (B) - PAGAMENTI IN CONTO COMPETENZA";"";"";"Organi istituzionali, partecipazione e decentramento";"05";"192";""
"QUADRO 5 - SPESE IN CONTO CAPITALE - (B) - PAGAMENTI IN CONTO COMPETENZA";"";"";"Segreteria generale, personale e organizzazione";"05";"195";""
"QUADRO 5 - SPESE IN CONTO CAPITALE - (B) - PAGAMENTI IN CONTO COMPETENZA";"";"";"Gestione economica, finanziaria, programmazione, provveditorato e controllo di gestione";"05";"200";""
"QUADRO 5 - SPESE IN CONTO CAPITALE - (B) - PAGAMENTI IN CONTO COMPETENZA";"";"";"Gestione delle entrate tributarie e servizi fiscali";"05";"205";""
"QUADRO 5 - SPESE IN CONTO CAPITALE - (B) - PAGAMENTI IN CONTO COMPETENZA";"";"";"Gestione dei beni demaniali e patrimoniali";"05";"210";""
"QUADRO 5 - SPESE IN CONTO CAPITALE - (B) - PAGAMENTI IN CONTO COMPETENZA";"";"";"Ufficio tecnico";"05";"215";""
"QUADRO 5 - SPESE IN CONTO CAPITALE - (B) - PAGAMENTI IN CONTO COMPETENZA";"";"";"Anagrafe, stato civile, elettorale, leva e servizio statistico";"05";"220";""
"QUADRO 5 - SPESE IN CONTO CAPITALE - (B) - PAGAMENTI IN CONTO COMPETENZA";"";"";"Altri servizi general";"05";"224";""
"QUADRO 5 - SPESE IN CONTO CAPITALE - (B) - PAGAMENTI IN CONTO COMPETENZA";"";"202";"Funzioni relative alla giustizia";"05";"225";""
"QUADRO 5 - SPESE IN CONTO CAPITALE - (B) - PAGAMENTI IN CONTO COMPETENZA";"";"";"Uffici giudiziari";"05";"226";""
"QUADRO 5 - SPESE IN CONTO CAPITALE - (B) - PAGAMENTI IN CONTO COMPETENZA";"";"";"Casa circondariale e altri servizi";"05";"227";""
"QUADRO 5 - SPESE IN CONTO CAPITALE - (B) - PAGAMENTI IN CONTO COMPETENZA";"";"203";"Funzioni di polizia locale";"05";"230";""
"QUADRO 5 - SPESE IN CONTO CAPITALE - (B) - PAGAMENTI IN CONTO COMPETENZA";"";"";"Polizia municipale";"05";"231";""
"QUADRO 5 - SPESE IN CONTO CAPITALE - (B) - PAGAMENTI IN CONTO COMPETENZA";"";"";"Polizia commerciale";"05";"232";""
"QUADRO 5 - SPESE IN CONTO CAPITALE - (B) - PAGAMENTI IN CONTO COMPETENZA";"";"";"Polizia amministrativa";"05";"233";""
"QUADRO 5 - SPESE IN CONTO CAPITALE - (B) - PAGAMENTI IN CONTO COMPETENZA";"";"204";"Funzioni di istruzione pubblica";"05";"240";""
"QUADRO 5 - SPESE IN CONTO CAPITALE - (B) - PAGAMENTI IN CONTO COMPETENZA";"";"";"Scuola materna";"05";"245";""
"QUADRO 5 - SPESE IN CONTO CAPITALE - (B) - PAGAMENTI IN CONTO COMPETENZA";"";"";"Istruzione elementare";"05";"250";""
"QUADRO 5 - SPESE IN CONTO CAPITALE - (B) - PAGAMENTI IN CONTO COMPETENZA";"";"";"Istruzione media";"05";"255";""
"QUADRO 5 - SPESE IN CONTO CAPITALE - (B) - PAGAMENTI IN CONTO COMPETENZA";"";"";"Istruzione secondaria superiore";"05";"257";""
"QUADRO 5 - SPESE IN CONTO CAPITALE - (B) - PAGAMENTI IN CONTO COMPETENZA";"";"";"Assistenza scolastica, trasporto, refezione e altri servizi";"05";"260";""
"QUADRO 5 - SPESE IN CONTO CAPITALE - (B) - PAGAMENTI IN CONTO COMPETENZA";"";"205";"Funzioni relative alla cultura ed ai beni culturali";"05";"265";""
"QUADRO 5 - SPESE IN CONTO CAPITALE - (B) - PAGAMENTI IN CONTO COMPETENZA";"";"";"Biblioteche, musei e pinacoteche";"05";"270";""
"QUADRO 5 - SPESE IN CONTO CAPITALE - (B) - PAGAMENTI IN CONTO COMPETENZA";"";"";"Teatri, attività culturali e servizi diversi nel settore culturale";"05";"272";""
"QUADRO 5 - SPESE IN CONTO CAPITALE - (B) - PAGAMENTI IN CONTO COMPETENZA";"";"206";"Funzioni nel settore sportivo e ricreativo";"05";"275";""
"QUADRO 5 - SPESE IN CONTO CAPITALE - (B) - PAGAMENTI IN CONTO COMPETENZA";"";"";"Piscine comunali";"05";"280";""
"QUADRO 5 - SPESE IN CONTO CAPITALE - (B) - PAGAMENTI IN CONTO COMPETENZA";"";"";"Stadio comunale, palazzo dello sport ed altri impianti";"05";"285";""
"QUADRO 5 - SPESE IN CONTO CAPITALE - (B) - PAGAMENTI IN CONTO COMPETENZA";"";"";"Manifestazioni diverse nel settore sportivo e ricreativo";"05";"287";""
"QUADRO 5 - SPESE IN CONTO CAPITALE - (B) - PAGAMENTI IN CONTO COMPETENZA";"";"207";"Funzioni nel campo turistico";"05";"290";""
"QUADRO 5 - SPESE IN CONTO CAPITALE - (B) - PAGAMENTI IN CONTO COMPETENZA";"";"";"Servizi turistici";"05";"292";""
"QUADRO 5 - SPESE IN CONTO CAPITALE - (B) - PAGAMENTI IN CONTO COMPETENZA";"";"";"Manifestazioni turistiche";"05";"293";""
"QUADRO 5 - SPESE IN CONTO CAPITALE - (B) - PAGAMENTI IN CONTO COMPETENZA";"";"208";"Funzioni nel campo della viabilità e dei trasporti";"05";"295";""
"QUADRO 5 - SPESE IN CONTO CAPITALE - (B) - PAGAMENTI IN CONTO COMPETENZA";"";"";"Viabilità, circolazione stradale e servizi connessi";"05";"300";""
"QUADRO 5 - SPESE IN CONTO CAPITALE - (B) - PAGAMENTI IN CONTO COMPETENZA";"";"";"Illuminazione pubblica e servizi connessi";"05";"305";""
"QUADRO 5 - SPESE IN CONTO CAPITALE - (B) - PAGAMENTI IN CONTO COMPETENZA";"";"";"Trasporti pubblici locali e servizi connessi";"05";"307";""
"QUADRO 5 - SPESE IN CONTO CAPITALE - (B) - PAGAMENTI IN CONTO COMPETENZA";"";"209";"Funzioni riguardanti la gestione del territorio e dell'ambiente";"05";"310";""
"QUADRO 5 - SPESE IN CONTO CAPITALE - (B) - PAGAMENTI IN CONTO COMPETENZA";"";"";"Urbanistica e gestione del territorio";"05";"315";""
"QUADRO 5 - SPESE IN CONTO CAPITALE - (B) - PAGAMENTI IN CONTO COMPETENZA";"";"";"Edilizia residenziale pubblica e locale e piani di edilizia economico-popolare";"05";"320";""
"QUADRO 5 - SPESE IN CONTO CAPITALE - (B) - PAGAMENTI IN CONTO COMPETENZA";"";"";"Servizio di protezione civile";"05";"322";""
"QUADRO 5 - SPESE IN CONTO CAPITALE - (B) - PAGAMENTI IN CONTO COMPETENZA";"";"";"Servizio idrico integrato";"05";"325";""
"QUADRO 5 - SPESE IN CONTO CAPITALE - (B) - PAGAMENTI IN CONTO COMPETENZA";"";"";"Servizio smaltimento rifiuti";"05";"330";""
"QUADRO 5 - SPESE IN CONTO CAPITALE - (B) - PAGAMENTI IN CONTO COMPETENZA";"";"";"Parchi e servizi per la tutela ambientale del verde, altri servizi relativi al territorio ed all'ambiente";"05";"332";""
"QUADRO 5 - SPESE IN CONTO CAPITALE - (B) - PAGAMENTI IN CONTO COMPETENZA";"";"210";"Funzioni nel settore sociale";"05";"335";""
"QUADRO 5 - SPESE IN CONTO CAPITALE - (B) - PAGAMENTI IN CONTO COMPETENZA";"";"";"Asili nido, servizi per l'infanzia e per i minori";"05";"340";""
"QUADRO 5 - SPESE IN CONTO CAPITALE - (B) - PAGAMENTI IN CONTO COMPETENZA";"";"";"Servizi di prevenzione e riabilitazione";"05";"342";""
"QUADRO 5 - SPESE IN CONTO CAPITALE - (B) - PAGAMENTI IN CONTO COMPETENZA";"";"";"Strutture residenziali e di ricovero per anziani";"05";"345";""
"QUADRO 5 - SPESE IN CONTO CAPITALE - (B) - PAGAMENTI IN CONTO COMPETENZA";"";"";"Assistenza, beneficenza pubblica e servizi diversi alla persona";"05";"350";""
"QUADRO 5 - SPESE IN CONTO CAPITALE - (B) - PAGAMENTI IN CONTO COMPETENZA";"";"";"Servizio necroscopico e cimiteriale";"05";"355";""
"QUADRO 5 - SPESE IN CONTO CAPITALE - (B) - PAGAMENTI IN CONTO COMPETENZA";"";"211";"Funzioni nel campo dello sviluppo economico";"05";"357";""
"QUADRO 5 - SPESE IN CONTO CAPITALE - (B) - PAGAMENTI IN CONTO COMPETENZA";"";"";"Affissioni e pubblicità";"05";"358";""
"QUADRO 5 - SPESE IN CONTO CAPITALE - (B) - PAGAMENTI IN CONTO COMPETENZA";"";"";"Fiere, mercati e servizi connessi";"05";"359";""
"QUADRO 5 - SPESE IN CONTO CAPITALE - (B) - PAGAMENTI IN CONTO COMPETENZA";"";"";"Mattatoio e servizi connessi";"05";"360";""
"QUADRO 5 - SPESE IN CONTO CAPITALE - (B) - PAGAMENTI IN CONTO COMPETENZA";"";"";"Servizi relativi all'industria";"05";"361";""
"QUADRO 5 - SPESE IN CONTO CAPITALE - (B) - PAGAMENTI IN CONTO COMPETENZA";"";"";"Servizi relativi al commercio";"05";"362";""
"QUADRO 5 - SPESE IN CONTO CAPITALE - (B) - PAGAMENTI IN CONTO COMPETENZA";"";"";"Servizi relativi all'artigianato";"05";"363";""
"QUADRO 5 - SPESE IN CONTO CAPITALE - (B) - PAGAMENTI IN CONTO COMPETENZA";"";"";"Servizi relativi all'agricoltura";"05";"364";""
"QUADRO 5 - SPESE IN CONTO CAPITALE - (B) - PAGAMENTI IN CONTO COMPETENZA";"";"212";"Funzioni relative a servizi produttivi";"05";"365";""
"QUADRO 5 - SPESE IN CONTO CAPITALE - (B) - PAGAMENTI IN CONTO COMPETENZA";"";"";"Distribuzione gas";"05";"366";""
"QUADRO 5 - SPESE IN CONTO CAPITALE - (B) - PAGAMENTI IN CONTO COMPETENZA";"";"";"Centrale del latte";"05";"367";""
"QUADRO 5 - SPESE IN CONTO CAPITALE - (B) - PAGAMENTI IN CONTO COMPETENZA";"";"";"Distribuzione energia elettrica";"05";"368";""
"QUADRO 5 - SPESE IN CONTO CAPITALE - (B) - PAGAMENTI IN CONTO COMPETENZA";"";"";"Teleriscaldamento";"05";"369";""
"QUADRO 5 - SPESE IN CONTO CAPITALE - (B) - PAGAMENTI IN CONTO COMPETENZA";"";"";"Farmacie";"05";"371";""
"QUADRO 5 - SPESE IN CONTO CAPITALE - (B) - PAGAMENTI IN CONTO COMPETENZA";"";"";"Altri servizi produttivi";"05";"372";""
"QUADRO 5 - SPESE IN CONTO CAPITALE - (B) - PAGAMENTI IN CONTO COMPETENZA";"";"";"TOTALE";"05";"373";""
"QUADRO 5 - SPESE IN CONTO CAPITALE - (C) - PAGAMENTI IN CONTO RESIDUI";"";"201";"Funzioni generali di amministrazione di gestione e di controllo";"05";"375";""
"QUADRO 5 - SPESE IN CONTO CAPITALE - (C) - PAGAMENTI IN CONTO RESIDUI";"";"";"Organi istituzionali, partecipazione e decentramento";"05";"377";""
"QUADRO 5 - SPESE IN CONTO CAPITALE - (C) - PAGAMENTI IN CONTO RESIDUI";"";"";"Segreteria generale, personale e organizzazione";"05";"380";""
"QUADRO 5 - SPESE IN CONTO CAPITALE - (C) - PAGAMENTI IN CONTO RESIDUI";"";"";"Gestione economica, finanziaria, programmazione, provveditorato e controllo di gestione";"05";"385";""
"QUADRO 5 - SPESE IN CONTO CAPITALE - (C) - PAGAMENTI IN CONTO RESIDUI";"";"";"Gestione delle entrate tributarie e servizi fiscali";"05";"390";""
"QUADRO 5 - SPESE IN CONTO CAPITALE - (C) - PAGAMENTI IN CONTO RESIDUI";"";"";"Gestione dei beni demaniali e patrimoniali";"05";"395";""
"QUADRO 5 - SPESE IN CONTO CAPITALE - (C) - PAGAMENTI IN CONTO RESIDUI";"";"";"Ufficio tecnico";"05";"400";""
"QUADRO 5 - SPESE IN CONTO CAPITALE - (C) - PAGAMENTI IN CONTO RESIDUI";"";"";"Anagrafe, stato civile, elettorale, leva e servizio statistico";"05";"405";""
"QUADRO 5 - SPESE IN CONTO CAPITALE - (C) - PAGAMENTI IN CONTO RESIDUI";"";"";"Altri servizi general";"05";"406";""
"QUADRO 5 - SPESE IN CONTO CAPITALE - (C) - PAGAMENTI IN CONTO RESIDUI";"";"202";"Funzioni relative alla giustizia";"05";"410";""
"QUADRO 5 - SPESE IN CONTO CAPITALE - (C) - PAGAMENTI IN CONTO RESIDUI";"";"";"Uffici giudiziari";"05";"412";""
"QUADRO 5 - SPESE IN CONTO CAPITALE - (C) - PAGAMENTI IN CONTO RESIDUI";"";"";"Casa circondariale e altri servizi";"05";"413";""
"QUADRO 5 - SPESE IN CONTO CAPITALE - (C) - PAGAMENTI IN CONTO RESIDUI";"";"203";"Funzioni di polizia locale";"05";"415";""
"QUADRO 5 - SPESE IN CONTO CAPITALE - (C) - PAGAMENTI IN CONTO RESIDUI";"";"";"Polizia municipale";"05";"420";""
"QUADRO 5 - SPESE IN CONTO CAPITALE - (C) - PAGAMENTI IN CONTO RESIDUI";"";"";"Polizia commerciale";"05";"422";""
"QUADRO 5 - SPESE IN CONTO CAPITALE - (C) - PAGAMENTI IN CONTO RESIDUI";"";"";"Polizia amministrativa";"05";"423";""
"QUADRO 5 - SPESE IN CONTO CAPITALE - (C) - PAGAMENTI IN CONTO RESIDUI";"";"204";"Funzioni di istruzione pubblica";"05";"425";""
"QUADRO 5 - SPESE IN CONTO CAPITALE - (C) - PAGAMENTI IN CONTO RESIDUI";"";"";"Scuola materna";"05";"430";""
"QUADRO 5 - SPESE IN CONTO CAPITALE - (C) - PAGAMENTI IN CONTO RESIDUI";"";"";"Istruzione elementare";"05";"435";""
"QUADRO 5 - SPESE IN CONTO CAPITALE - (C) - PAGAMENTI IN CONTO RESIDUI";"";"";"Istruzione media";"05";"440";""
"QUADRO 5 - SPESE IN CONTO CAPITALE - (C) - PAGAMENTI IN CONTO RESIDUI";"";"";"Istruzione secondaria superiore";"05";"441";""
"QUADRO 5 - SPESE IN CONTO CAPITALE - (C) - PAGAMENTI IN CONTO RESIDUI";"";"";"Assistenza scolastica, trasporto, refezione e altri servizi";"05";"445";""
"QUADRO 5 - SPESE IN CONTO CAPITALE - (C) - PAGAMENTI IN CONTO RESIDUI";"";"205";"Funzioni relative alla cultura ed ai beni culturali";"05";"450";""
"QUADRO 5 - SPESE IN CONTO CAPITALE - (C) - PAGAMENTI IN CONTO RESIDUI";"";"";"Biblioteche, musei e pinacoteche";"05";"455";""
"QUADRO 5 - SPESE IN CONTO CAPITALE - (C) - PAGAMENTI IN CONTO RESIDUI";"";"";"Teatri, attività culturali e servizi diversi nel settore culturale";"05";"456";""
"QUADRO 5 - SPESE IN CONTO CAPITALE - (C) - PAGAMENTI IN CONTO RESIDUI";"";"206";"Funzioni nel settore sportivo e ricreativo";"05";"460";""
"QUADRO 5 - SPESE IN CONTO CAPITALE - (C) - PAGAMENTI IN CONTO RESIDUI";"";"";"Piscine comunali";"05";"465";""
"QUADRO 5 - SPESE IN CONTO CAPITALE - (C) - PAGAMENTI IN CONTO RESIDUI";"";"";"Stadio comunale, palazzo dello sport ed altri impianti";"05";"470";""
"QUADRO 5 - SPESE IN CONTO CAPITALE - (C) - PAGAMENTI IN CONTO RESIDUI";"";"";"Manifestazioni diverse nel settore sportivo e ricreativo";"05";"472";""
"QUADRO 5 - SPESE IN CONTO CAPITALE - (C) - PAGAMENTI IN CONTO RESIDUI";"";"207";"Funzioni nel campo turistico";"05";"475";""
"QUADRO 5 - SPESE IN CONTO CAPITALE - (C) - PAGAMENTI IN CONTO RESIDUI";"";"";"Servizi turistici";"05";"476";""
"QUADRO 5 - SPESE IN CONTO CAPITALE - (C) - PAGAMENTI IN CONTO RESIDUI";"";"";"Manifestazioni turistiche";"05";"477";""
"QUADRO 5 - SPESE IN CONTO CAPITALE - (C) - PAGAMENTI IN CONTO RESIDUI";"";"208";"Funzioni nel campo della viabilità e dei trasporti";"05";"480";""
"QUADRO 5 - SPESE IN CONTO CAPITALE - (C) - PAGAMENTI IN CONTO RESIDUI";"";"";"Viabilità, circolazione stradale e servizi connessi";"05";"485";""
"QUADRO 5 - SPESE IN CONTO CAPITALE - (C) - PAGAMENTI IN CONTO RESIDUI";"";"";"Illuminazione pubblica e servizi connessi";"05";"490";""
"QUADRO 5 - SPESE IN CONTO CAPITALE - (C) - PAGAMENTI IN CONTO RESIDUI";"";"";"Trasporti pubblici locali e servizi connessi";"05";"491";""
"QUADRO 5 - SPESE IN CONTO CAPITALE - (C) - PAGAMENTI IN CONTO RESIDUI";"";"209";"Funzioni riguardanti la gestione del territorio e dell'ambiente";"05";"495";""
"QUADRO 5 - SPESE IN CONTO CAPITALE - (C) - PAGAMENTI IN CONTO RESIDUI";"";"";"Urbanistica e gestione del territorio";"05";"500";""
"QUADRO 5 - SPESE IN CONTO CAPITALE - (C) - PAGAMENTI IN CONTO RESIDUI";"";"";"Edilizia residenziale pubblica e locale e piani di edilizia economico-popolare";"05";"505";""
"QUADRO 5 - SPESE IN CONTO CAPITALE - (C) - PAGAMENTI IN CONTO RESIDUI";"";"";"Servizio di protezione civile";"05";"507";""
"QUADRO 5 - SPESE IN CONTO CAPITALE - (C) - PAGAMENTI IN CONTO RESIDUI";"";"";"Servizio idrico integrato";"05";"510";""
"QUADRO 5 - SPESE IN CONTO CAPITALE - (C) - PAGAMENTI IN CONTO RESIDUI";"";"";"Servizio smaltimento rifiuti";"05";"515";""
"QUADRO 5 - SPESE IN CONTO CAPITALE - (C) - PAGAMENTI IN CONTO RESIDUI";"";"";"Parchi e servizi per la tutela ambientale del verde, altri servizi relativi al territorio ed all'ambiente";"05";"517";""
"QUADRO 5 - SPESE IN CONTO CAPITALE - (C) - PAGAMENTI IN CONTO RESIDUI";"";"210";"Funzioni nel settore sociale";"05";"520";""
"QUADRO 5 - SPESE IN CONTO CAPITALE - (C) - PAGAMENTI IN CONTO RESIDUI";"";"";"Asili nido, servizi per l'infanzia e per i minori";"05";"525";""
"QUADRO 5 - SPESE IN CONTO CAPITALE - (C) - PAGAMENTI IN CONTO RESIDUI";"";"";"Servizi di prevenzione e riabilitazione";"05";"527";""
"QUADRO 5 - SPESE IN CONTO CAPITALE - (C) - PAGAMENTI IN CONTO RESIDUI";"";"";"Strutture residenziali e di ricovero per anziani";"05";"530";""
"QUADRO 5 - SPESE IN CONTO CAPITALE - (C) - PAGAMENTI IN CONTO RESIDUI";"";"";"Assistenza, beneficenza pubblica e servizi diversi alla persona";"05";"535";""
"QUADRO 5 - SPESE IN CONTO CAPITALE - (C) - PAGAMENTI IN CONTO RESIDUI";"";"";"Servizio necroscopico e cimiteriale";"05";"540";""
"QUADRO 5 - SPESE IN CONTO CAPITALE - (C) - PAGAMENTI IN CONTO RESIDUI";"";"211";"Funzioni nel campo dello sviluppo economico";"05";"542";""
"QUADRO 5 - SPESE IN CONTO CAPITALE - (C) - PAGAMENTI IN CONTO RESIDUI";"";"";"Affissioni e pubblicità";"05";"543";""
"QUADRO 5 - SPESE IN CONTO CAPITALE - (C) - PAGAMENTI IN CONTO RESIDUI";"";"";"Fiere, mercati e servizi connessi";"05";"544";""
"QUADRO 5 - SPESE IN CONTO CAPITALE - (C) - PAGAMENTI IN CONTO RESIDUI";"";"";"Mattatoio e servizi connessi";"05";"545";""
"QUADRO 5 - SPESE IN CONTO CAPITALE - (C) - PAGAMENTI IN CONTO RESIDUI";"";"";"Servizi relativi all'industria";"05";"546";""
"QUADRO 5 - SPESE IN CONTO CAPITALE - (C) - PAGAMENTI IN CONTO RESIDUI";"";"";"Servizi relativi al commercio";"05";"547";""
"QUADRO 5 - SPESE IN CONTO CAPITALE - (C) - PAGAMENTI IN CONTO RESIDUI";"";"";"Servizi relativi all'artigianato";"05";"548";""
"QUADRO 5 - SPESE IN CONTO CAPITALE - (C) - PAGAMENTI IN CONTO RESIDUI";"";"";"Servizi relativi all'agricoltura";"05";"549";""
"QUADRO 5 - SPESE IN CONTO CAPITALE - (C) - PAGAMENTI IN CONTO RESIDUI";"";"212";"Funzioni relative a servizi produttivi";"05";"550";""
"QUADRO 5 - SPESE IN CONTO CAPITALE - (C) - PAGAMENTI IN CONTO RESIDUI";"";"";"Distribuzione gas";"05";"551";""
"QUADRO 5 - SPESE IN CONTO CAPITALE - (C) - PAGAMENTI IN CONTO RESIDUI";"";"";"Centrale del latte";"05";"552";""
"QUADRO 5 - SPESE IN CONTO CAPITALE - (C) - PAGAMENTI IN CONTO RESIDUI";"";"";"Distribuzione energia elettrica";"05";"553";""
"QUADRO 5 - SPESE IN CONTO CAPITALE - (C) - PAGAMENTI IN CONTO RESIDUI";"";"";"Teleriscaldamento";"05";"554";""
"QUADRO 5 - SPESE IN CONTO CAPITALE - (C) - PAGAMENTI IN CONTO RESIDUI";"";"";"Farmacie";"05";"556";""
"QUADRO 5 - SPESE IN CONTO CAPITALE - (C) - PAGAMENTI IN CONTO RESIDUI";"";"";"Altri servizi produttivi";"05";"557";""
"QUADRO 5 - SPESE IN CONTO CAPITALE - (C) - PAGAMENTI IN CONTO RESIDUI";"";"";"TOTALE";"05";"560";""
"QUADRO 6 - ANALISI DELLA SPESA PER TRASFERIMENTI, PER FUNZIONE E DESTINATARIO";"";"";"A - Trasferimenti a imprese, aziende dipubblici servizi e consorzi (2)";"06";"005";""
"QUADRO 6 - ANALISI DELLA SPESA PER TRASFERIMENTI, PER FUNZIONE E DESTINATARIO";"";"";"Amministrazione";"06";"010";""
"QUADRO 6 - ANALISI DELLA SPESA PER TRASFERIMENTI, PER FUNZIONE E DESTINATARIO";"";"";"Giustizia";"06";"015";""
"QUADRO 6 - ANALISI DELLA SPESA PER TRASFERIMENTI, PER FUNZIONE E DESTINATARIO";"";"";"Polizia locale";"06";"020";""
"QUADRO 6 - ANALISI DELLA SPESA PER TRASFERIMENTI, PER FUNZIONE E DESTINATARIO";"";"";"Istruzione";"06";"025";""
"QUADRO 6 - ANALISI DELLA SPESA PER TRASFERIMENTI, PER FUNZIONE E DESTINATARIO";"";"";"Cultura e beni culturali";"06";"030";""
"QUADRO 6 - ANALISI DELLA SPESA PER TRASFERIMENTI, PER FUNZIONE E DESTINATARIO";"";"";"Sport e Ricreazione";"06";"035";""
"QUADRO 6 - ANALISI DELLA SPESA PER TRASFERIMENTI, PER FUNZIONE E DESTINATARIO";"";"";"Turismo";"06";"040";""
"QUADRO 6 - ANALISI DELLA SPESA PER TRASFERIMENTI, PER FUNZIONE E DESTINATARIO";"";"";"Viabilità e Trasporti";"06";"045";""
"QUADRO 6 - ANALISI DELLA SPESA PER TRASFERIMENTI, PER FUNZIONE E DESTINATARIO";"";"";"Territorio e Ambiente";"06";"050";""
"QUADRO 6 - ANALISI DELLA SPESA PER TRASFERIMENTI, PER FUNZIONE E DESTINATARIO";"";"";"Settore sociale";"06";"055";""
"QUADRO 6 - ANALISI DELLA SPESA PER TRASFERIMENTI, PER FUNZIONE E DESTINATARIO";"";"";"Settore economico";"06";"060";""
"QUADRO 6 - ANALISI DELLA SPESA PER TRASFERIMENTI, PER FUNZIONE E DESTINATARIO";"";"";"Servizi produttivi";"06";"065";""
"QUADRO 6 - ANALISI DELLA SPESA PER TRASFERIMENTI, PER FUNZIONE E DESTINATARIO";"";"";"B - Trasferimenti ad altri soggetti (famiglie e istituzioni senza scopo di lucro) (3)";"06";"070";""
"QUADRO 6 - ANALISI DELLA SPESA PER TRASFERIMENTI, PER FUNZIONE E DESTINATARIO";"";"";"Amministrazione";"06";"075";""
"QUADRO 6 - ANALISI DELLA SPESA PER TRASFERIMENTI, PER FUNZIONE E DESTINATARIO";"";"";"Giustizia";"06";"080";""
"QUADRO 6 - ANALISI DELLA SPESA PER TRASFERIMENTI, PER FUNZIONE E DESTINATARIO";"";"";"Polizia locale";"06";"085";""
"QUADRO 6 - ANALISI DELLA SPESA PER TRASFERIMENTI, PER FUNZIONE E DESTINATARIO";"";"";"Istruzione";"06";"090";""
"QUADRO 6 - ANALISI DELLA SPESA PER TRASFERIMENTI, PER FUNZIONE E DESTINATARIO";"";"";"Cultura e beni culturali";"06";"095";""
"QUADRO 6 - ANALISI DELLA SPESA PER TRASFERIMENTI, PER FUNZIONE E DESTINATARIO";"";"";"Sport e Ricreazione";"06";"100";""
"QUADRO 6 - ANALISI DELLA SPESA PER TRASFERIMENTI, PER FUNZIONE E DESTINATARIO";"";"";"Turismo";"06";"105";""
"QUADRO 6 - ANALISI DELLA SPESA PER TRASFERIMENTI, PER FUNZIONE E DESTINATARIO";"";"";"Viabilità e Trasporti";"06";"110";""
"QUADRO 6 - ANALISI DELLA SPESA PER TRASFERIMENTI, PER FUNZIONE E DESTINATARIO";"";"";"Territorio e Ambiente";"06";"115";""
"QUADRO 6 - ANALISI DELLA SPESA PER TRASFERIMENTI, PER FUNZIONE E DESTINATARIO";"";"";"Settore sociale";"06";"120";""
"QUADRO 6 - ANALISI DELLA SPESA PER TRASFERIMENTI, PER FUNZIONE E DESTINATARIO";"";"";"Settore economico";"06";"125";""
"QUADRO 6 - ANALISI DELLA SPESA PER TRASFERIMENTI, PER FUNZIONE E DESTINATARIO";"";"";"Servizi produttivi";"06";"130";""
"QUADRO 6 - ANALISI DELLA SPESA PER TRASFERIMENTI, PER FUNZIONE E DESTINATARIO";"";"";"C - Trasferimenti ad enti Amministrazioni Pubbliche";"06";"135";""
"QUADRO 6 - ANALISI DELLA SPESA PER TRASFERIMENTI, PER FUNZIONE E DESTINATARIO";"";"";"Amministrazione";"06";"140";""
"QUADRO 6 - ANALISI DELLA SPESA PER TRASFERIMENTI, PER FUNZIONE E DESTINATARIO";"";"";"Giustizia";"06";"145";""
"QUADRO 6 - ANALISI DELLA SPESA PER TRASFERIMENTI, PER FUNZIONE E DESTINATARIO";"";"";"Polizia locale";"06";"150";""
"QUADRO 6 - ANALISI DELLA SPESA PER TRASFERIMENTI, PER FUNZIONE E DESTINATARIO";"";"";"Istruzione";"06";"155";""
"QUADRO 6 - ANALISI DELLA SPESA PER TRASFERIMENTI, PER FUNZIONE E DESTINATARIO";"";"";"Cultura e beni culturali";"06";"160";""
"QUADRO 6 - ANALISI DELLA SPESA PER TRASFERIMENTI, PER FUNZIONE E DESTINATARIO";"";"";"Sport e Ricreazione";"06";"165";""
"QUADRO 6 - ANALISI DELLA SPESA PER TRASFERIMENTI, PER FUNZIONE E DESTINATARIO";"";"";"Turismo";"06";"170";""
"QUADRO 6 - ANALISI DELLA SPESA PER TRASFERIMENTI, PER FUNZIONE E DESTINATARIO";"";"";"Viabilità e Trasporti";"06";"175";""
"QUADRO 6 - ANALISI DELLA SPESA PER TRASFERIMENTI, PER FUNZIONE E DESTINATARIO";"";"";"Territorio e Ambiente";"06";"180";""
"QUADRO 6 - ANALISI DELLA SPESA PER TRASFERIMENTI, PER FUNZIONE E DESTINATARIO";"";"";"Settore sociale";"06";"185";""
"QUADRO 6 - ANALISI DELLA SPESA PER TRASFERIMENTI, PER FUNZIONE E DESTINATARIO";"";"";"Settore economico";"06";"190";""
"QUADRO 6 - ANALISI DELLA SPESA PER TRASFERIMENTI, PER FUNZIONE E DESTINATARIO";"";"";"Servizi produttivi";"06";"195";""
"QUADRO 6 - ANALISI DELLA SPESA PER TRASFERIMENTI, PER FUNZIONE E DESTINATARIO";"";"";"D - Totale generale trasferimenti (A + B + C)";"06";"200";""
"QUADRO 9 - QUADRO RIASSUNTIVO DELLA GESTIONE FINANZIARIA";"";"";"1 - Fondo di cassa al 1° gennaio (a)";"09";"005";""
"QUADRO 9 - QUADRO RIASSUNTIVO DELLA GESTIONE FINANZIARIA";"";"";"2 - Riscossioni";"09";"010";""
"QUADRO 9 - QUADRO RIASSUNTIVO DELLA GESTIONE FINANZIARIA";"";"";"3 - Pagamenti";"09";"015";""
"QUADRO 9 - QUADRO RIASSUNTIVO DELLA GESTIONE FINANZIARIA";"";"";"4 - Fondo di cassa al 31 dicembre = (1+2-3) (a)";"09";"020";""
"QUADRO 9 - QUADRO RIASSUNTIVO DELLA GESTIONE FINANZIARIA";"";"";"5 - Pagamenti per azioni esecutive non regolarizzate al 31.12";"09";"025";""
"QUADRO 9 - QUADRO RIASSUNTIVO DELLA GESTIONE FINANZIARIA";"";"";"6 - Differenza = (4-5)";"09";"030";""
"QUADRO 9 - QUADRO RIASSUNTIVO DELLA GESTIONE FINANZIARIA";"";"";"7 - Residui attivi";"09";"035";""
"QUADRO 9 - QUADRO RIASSUNTIVO DELLA GESTIONE FINANZIARIA";"";"";"8 - Fondo pluriennale vincolato iscritto in entrata (3)";"09";"036";""
"QUADRO 9 - QUADRO RIASSUNTIVO DELLA GESTIONE FINANZIARIA";"";"";"9 - Residui passivi";"09";"040";""
"QUADRO 9 - QUADRO RIASSUNTIVO DELLA GESTIONE FINANZIARIA";"";"";"10 - Fondo pluriennale vincolato iscritto in spesa (1)";"09";"041";""
"QUADRO 9 - QUADRO RIASSUNTIVO DELLA GESTIONE FINANZIARIA";"";"";"11 - Risultato di amministrazione = (6+7+8-9-10)";"09";"045";""
"QUADRO 9 BIS - RISULTATO DI AMMINISTRAZIONE";"";"";"Risultato di amministrazione (+/-) di cui:";"09";"050";""
"QUADRO 9 BIS - RISULTATO DI AMMINISTRAZIONE";"";"";"- Fondo accantonamento svalutazione crediti art. 6 co. 17 D.L. 95/12 (b)";"09";"051";""
"QUADRO 9 BIS - RISULTATO DI AMMINISTRAZIONE";"";"";"- Fondo accantonamento crediti di dubbia esigibilità per enti in sperimentazione D. lgs.118/11";"09";"052";""
"QUADRO 9 BIS - RISULTATO DI AMMINISTRAZIONE";"";"";"Vincolato di cui:";"09";"055";""
"QUADRO 9 BIS - RISULTATO DI AMMINISTRAZIONE";"";"";"- Fondo anticipazione di liquidità art. 1 c. 13 D.L. 35/13";"09";"056";""
"QUADRO 9 BIS - RISULTATO DI AMMINISTRAZIONE";"";"";"- Anticipazione sul fondo di rotazione stabilità finanziaria art. 243 ter Tuel";"09";"057";""
"QUADRO 9 BIS - RISULTATO DI AMMINISTRAZIONE";"";"";"Per spese in conto capitale";"09";"060";""
"QUADRO 9 BIS - RISULTATO DI AMMINISTRAZIONE";"";"";"Per fondo ammortamento";"09";"065";""
"QUADRO 9 BIS - RISULTATO DI AMMINISTRAZIONE";"";"";"Non vincolato";"09";"070";""
"QUADRO 9 TER - UTILIZZO AVANZO DI AMMINISTRAZIONE ESERCIZIO 2012";"";"";"Reinvestimento quote accantonate per ammortamento";"09";"075";""
"QUADRO 9 TER - UTILIZZO AVANZO DI AMMINISTRAZIONE ESERCIZIO 2012";"";"";"Reinvestimento quote accantonate o vincolate per altro (2)";"09";"076";""
"QUADRO 9 TER - UTILIZZO AVANZO DI AMMINISTRAZIONE ESERCIZIO 2012";"";"";"Finanziamento debiti fuori bilancio";"09";"080";""
"QUADRO 9 TER - UTILIZZO AVANZO DI AMMINISTRAZIONE ESERCIZIO 2012";"";"";"Salvaguardia equilibri di bilancio";"09";"085";""
"QUADRO 9 TER - UTILIZZO AVANZO DI AMMINISTRAZIONE ESERCIZIO 2012";"";"";"Spese correnti non ripetitive";"09";"090";""
"QUADRO 9 TER - UTILIZZO AVANZO DI AMMINISTRAZIONE ESERCIZIO 2012";"";"";"Spese correnti in sede di assestamento";"09";"095";""
"QUADRO 9 TER - UTILIZZO AVANZO DI AMMINISTRAZIONE ESERCIZIO 2012";"";"";"Spese di investimento";"09";"100";""
"QUADRO 9 TER - UTILIZZO AVANZO DI AMMINISTRAZIONE ESERCIZIO 2012";"";"";"Estinzione anticipata di prestiti";"09";"103";""
"QUADRO 9 TER - UTILIZZO AVANZO DI AMMINISTRAZIONE ESERCIZIO 2012";"";"";"Totale";"09";"105";""
"QUADRO 9 QUATER - QUADRO RIASSUNTIVO DELLA GESTIONE DI COMPETENZA";"";"";"Riscossioni";"09";"110";""
"QUADRO 9 QUATER - QUADRO RIASSUNTIVO DELLA GESTIONE DI COMPETENZA";"";"";"Pagamenti";"09";"115";""
"QUADRO 9 QUATER - QUADRO RIASSUNTIVO DELLA GESTIONE DI COMPETENZA";"";"";"Differenza";"09";"120";""
"QUADRO 9 QUATER - QUADRO RIASSUNTIVO DELLA GESTIONE DI COMPETENZA";"";"";"Residui attivi";"09";"125";""
"QUADRO 9 QUATER - QUADRO RIASSUNTIVO DELLA GESTIONE DI COMPETENZA";"";"";"Fondo pluriennale vincolato iscritto in entrata (3)";"09";"126";""
"QUADRO 9 QUATER - QUADRO RIASSUNTIVO DELLA GESTIONE DI COMPETENZA";"";"";"Residui passivi";"09";"130";""
"QUADRO 9 QUATER - QUADRO RIASSUNTIVO DELLA GESTIONE DI COMPETENZA";"";"";"Fondo pluriennale vincolato iscritto in spesa (1)";"09";"131";""
"QUADRO 9 QUATER - QUADRO RIASSUNTIVO DELLA GESTIONE DI COMPETENZA";"";"";"di cui di parte corrente";"09";"132";""
"QUADRO 9 QUATER - QUADRO RIASSUNTIVO DELLA GESTIONE DI COMPETENZA";"";"";"di cui di parte capitale";"09";"133";""
"QUADRO 9 QUATER - QUADRO RIASSUNTIVO DELLA GESTIONE DI COMPETENZA";"";"";"Differenza";"09";"135";""
"QUADRO 9 QUINQUIES - EVENTUALE DISAVANZO DA RIACCERTAMENTO RESIDUI PER ENTI IN SPERIMENTAZIONE (1)";"";"";"";"09";"140";""
"QUADRO 9 QUINQUIES - EVENTUALE DISAVANZO DA RIACCERTAMENTO RESIDUI PER ENTI IN SPERIMENTAZIONE (1)";"";"";"Eventuale disavanzo da riaccertamento dei residui";"09";"145";""
"QUADRO 9 QUINQUIES - EVENTUALE DISAVANZO DA RIACCERTAMENTO RESIDUI PER ENTI IN SPERIMENTAZIONE (1)";"";"";"di cui di parte corrente";"09";"150";""
"QUADRO 9 QUINQUIES - EVENTUALE DISAVANZO DA RIACCERTAMENTO RESIDUI PER ENTI IN SPERIMENTAZIONE (1)";"";"";"di cui di parte capitale";"09";"155";""
"QUADRO 10 - DATI RELATIVI AI DEBITI FUORI BILANCIO (2)";"";"";"Sentenze esecutive";"10";"005";""
"QUADRO 10 - DATI RELATIVI AI DEBITI FUORI BILANCIO (2)";"";"";"Copertura di disavanzi di consorzi, aziende speciali e di istituzioni";"10";"010";""
"QUADRO 10 - DATI RELATIVI AI DEBITI FUORI BILANCIO (2)";"";"";"Ricapitalizzazione";"10";"015";""
"QUADRO 10 - DATI RELATIVI AI DEBITI FUORI BILANCIO (2)";"";"";"Procedure espropriative o di occupazione d'urgenza per opere di pubblica utilità";"10";"020";""
"QUADRO 10 - DATI RELATIVI AI DEBITI FUORI BILANCIO (2)";"";"";"Acquisizione di beni e servizi";"10";"025";""
"QUADRO 10 - DATI RELATIVI AI DEBITI FUORI BILANCIO (2)";"";"";"Totale";"10";"065";""
"QUADRO 10 BIS - ESECUZIONE FORZATA (2)";"";"";"Procedimenti di esecuzione forzata";"10";"070";""
"QUADRO 50";"";"";"Valore negativo del risultato contabile di gestione superiore in termini di valore assoluto al 5 per cento rispetto alle entrate correnti (a tali fini al risultato contabile si aggiunge l'avanzo di amministrazione utilizzato per le spese di investimento);";"50";"010";""
"QUADRO 50";"";"";"Volume dei residui attivi di nuova formazione provenienti dalla gestione di competenza e relativi ai titoli I e III, con l’esclusione delle risorse a titolo di fondo sperimentale di riequilibrio di cui all’articolo 2 del decreto legislativo n. 23 del 2011 o di fondo di solidarietà di cui all’articolo 1, comma 380 della legge 24 dicembre 2012 n. 228, superiori al 42 per cento rispetto ai valori di accertamento delle entrate dei medesimi titoli I e III esclusi gli accertamenti delle predette risorse a titolo di fondo sperimentale di riequilibrio o di fondo di solidarietà;";"50";"020";""
"QUADRO 50";"";"";"Ammontare dei residui attivi provenienti dalla gestione dei residui attivi e di cui al titolo I e al titolo III superiore al 65 per cento, ad esclusione eventuali residui da risorse a titolo di fondo sperimentale di riequilibrio di cui all’articolo 2 del decreto legislativo n. 23 o di fondo di solidarietà di cui all’articolo 1 comma 380 della legge 24 dicembre 2012 n. 228, rapportata agli accertamenti della gestione di competenza delle entrate dei medesimi titoli I e III ad esclusione degli accertamenti delle predette risorse a titolo di fondo sperimentale di riequilibrio o di fondo di solidarietà;";"50";"030";""
"QUADRO 50";"";"";"Volume dei residui passivi complessivi provenienti dal titolo I superiori al 40 per cento degli impegni della medesima spesa corrente;";"50";"040";""
"QUADRO 50";"";"";"Esistenza di procedimenti di esecuzione forzata superiore allo 0,5 per cento delle spese correnti anche se non hanno prodotto vincoli a seguito delle disposizioni di cui all’articolo 159 del tuoel;";"50";"050";""
"QUADRO 50";"";"";"Volume complessivo delle spese di personale a vario titolo rapportato al volume complessivo delle entrate correnti desumibili dai titoli I, II e III superiore al 40 per cento per i comuni inferiori a 5.000 abitanti, superiore al 39 per cento per i comuni da 5.000 a 29.999 abitanti e superiore al 38 per cento per i comuni oltre i 29.999 abitanti; tale valore è calcolato al netto dei contributi regionali nonché di altri enti pubblici finalizzati a finanziare spese di personale per cui il valore di tali contributi va detratto sia al numeratore che al denominatore del parametro;";"50";"060";""
"QUADRO 50";"";"";"Consistenza dei debiti di finanziamento non assistiti da contribuzioni superiore al 150 per cento rispetto alle entrate correnti per gli enti che presentano un risultato contabile di gestione positivo e superioreal 120 per cento per gli enti che presentano un risultato contabile di gestione negativo, fermo restando il rispetto del limite di indebitamento di cui all’articolo 204 del tuoel con le modifiche di cui di cui all’art. 8, comma 1 della legge 12 novembre 2011, n. 183, a decorrere dall’1 gennaio 2012;";"50";"070";""
"QUADRO 50";"";"";"Consistenza dei debiti fuori bilancio riconosciuti nel corso dell’esercizio superiore all’1 per cento rispetto ai valori di accertamento delle entrate correnti, fermo restando che
l’indice si considera negativo ove tale soglia venga superata in tutti gli ultimi tre esercizi finanziari;";"50";"080";""
"QUADRO 50";"";"";"Eventuale esistenza al 31 dicembre di anticipazioni di tesoreria non rimborsate superiori al 5 per cento rispetto alle entrate correnti;";"50";"090";""
"QUADRO 50";"";"";"Ripiano squilibri in sede di provvedimento di salvaguardia di cui all’art. 193 del tuoel con misure di alienazione di beni patrimoniali e/o avanzo di amministrazione superiore al 5% dei valori della spesa corrente, fermo restando quanto previsto dall’articolo 1, commi 443 e 444 della legge 24 dicembre 2012 n. 228 a decorrere dall’1 gennaio 2013; ove sussistano i presupposti di legge per finanziare il riequilibrio in più esercizi finanziari, viene considerato al numeratore del parametro l’intero importo finanziato con misure di alienazione di beni patrimoniali, oltre che di avanzo di amministrazione, anche se destinato a finanziare lo squilibrio nei successivi esercizi finanziari (2).";"50";"100";"consuntivo-entrate-accertamenti-imposte-e-tasse-tasse-altre-tasse"
